#
# TABLE STRUCTURE FOR: communities
#

DROP TABLE IF EXISTS `communities`;

CREATE TABLE `communities` (
  `id` bigint(20) unsigned NOT NULL AUTO_INCREMENT,
  `name` varchar(150) COLLATE utf8_unicode_ci DEFAULT NULL,
  PRIMARY KEY (`id`),
  KEY `communities_name_idx` (`name`)
) ENGINE=InnoDB AUTO_INCREMENT=101 DEFAULT CHARSET=utf8 COLLATE=utf8_unicode_ci;

INSERT INTO `communities` (`id`, `name`) VALUES ('9', 'ab');
INSERT INTO `communities` (`id`, `name`) VALUES ('42', 'adipisci');
INSERT INTO `communities` (`id`, `name`) VALUES ('41', 'alias');
INSERT INTO `communities` (`id`, `name`) VALUES ('30', 'aliquid');
INSERT INTO `communities` (`id`, `name`) VALUES ('93', 'aperiam');
INSERT INTO `communities` (`id`, `name`) VALUES ('73', 'architecto');
INSERT INTO `communities` (`id`, `name`) VALUES ('96', 'aut');
INSERT INTO `communities` (`id`, `name`) VALUES ('64', 'autem');
INSERT INTO `communities` (`id`, `name`) VALUES ('82', 'autem');
INSERT INTO `communities` (`id`, `name`) VALUES ('22', 'consequatur');
INSERT INTO `communities` (`id`, `name`) VALUES ('100', 'consequatur');
INSERT INTO `communities` (`id`, `name`) VALUES ('94', 'corrupti');
INSERT INTO `communities` (`id`, `name`) VALUES ('57', 'cupiditate');
INSERT INTO `communities` (`id`, `name`) VALUES ('3', 'deserunt');
INSERT INTO `communities` (`id`, `name`) VALUES ('15', 'dignissimos');
INSERT INTO `communities` (`id`, `name`) VALUES ('80', 'dignissimos');
INSERT INTO `communities` (`id`, `name`) VALUES ('90', 'eius');
INSERT INTO `communities` (`id`, `name`) VALUES ('68', 'eligendi');
INSERT INTO `communities` (`id`, `name`) VALUES ('7', 'enim');
INSERT INTO `communities` (`id`, `name`) VALUES ('26', 'esse');
INSERT INTO `communities` (`id`, `name`) VALUES ('66', 'est');
INSERT INTO `communities` (`id`, `name`) VALUES ('11', 'et');
INSERT INTO `communities` (`id`, `name`) VALUES ('54', 'et');
INSERT INTO `communities` (`id`, `name`) VALUES ('59', 'et');
INSERT INTO `communities` (`id`, `name`) VALUES ('89', 'et');
INSERT INTO `communities` (`id`, `name`) VALUES ('92', 'et');
INSERT INTO `communities` (`id`, `name`) VALUES ('4', 'eum');
INSERT INTO `communities` (`id`, `name`) VALUES ('8', 'eum');
INSERT INTO `communities` (`id`, `name`) VALUES ('95', 'eveniet');
INSERT INTO `communities` (`id`, `name`) VALUES ('51', 'ex');
INSERT INTO `communities` (`id`, `name`) VALUES ('53', 'expedita');
INSERT INTO `communities` (`id`, `name`) VALUES ('52', 'explicabo');
INSERT INTO `communities` (`id`, `name`) VALUES ('46', 'facilis');
INSERT INTO `communities` (`id`, `name`) VALUES ('14', 'fugit');
INSERT INTO `communities` (`id`, `name`) VALUES ('29', 'hic');
INSERT INTO `communities` (`id`, `name`) VALUES ('88', 'illo');
INSERT INTO `communities` (`id`, `name`) VALUES ('34', 'in');
INSERT INTO `communities` (`id`, `name`) VALUES ('75', 'itaque');
INSERT INTO `communities` (`id`, `name`) VALUES ('78', 'itaque');
INSERT INTO `communities` (`id`, `name`) VALUES ('43', 'iure');
INSERT INTO `communities` (`id`, `name`) VALUES ('99', 'labore');
INSERT INTO `communities` (`id`, `name`) VALUES ('86', 'laboriosam');
INSERT INTO `communities` (`id`, `name`) VALUES ('74', 'libero');
INSERT INTO `communities` (`id`, `name`) VALUES ('27', 'magnam');
INSERT INTO `communities` (`id`, `name`) VALUES ('47', 'maiores');
INSERT INTO `communities` (`id`, `name`) VALUES ('21', 'minus');
INSERT INTO `communities` (`id`, `name`) VALUES ('31', 'minus');
INSERT INTO `communities` (`id`, `name`) VALUES ('39', 'minus');
INSERT INTO `communities` (`id`, `name`) VALUES ('62', 'minus');
INSERT INTO `communities` (`id`, `name`) VALUES ('20', 'modi');
INSERT INTO `communities` (`id`, `name`) VALUES ('38', 'nam');
INSERT INTO `communities` (`id`, `name`) VALUES ('1', 'necessitatibus');
INSERT INTO `communities` (`id`, `name`) VALUES ('61', 'necessitatibus');
INSERT INTO `communities` (`id`, `name`) VALUES ('36', 'nesciunt');
INSERT INTO `communities` (`id`, `name`) VALUES ('45', 'nesciunt');
INSERT INTO `communities` (`id`, `name`) VALUES ('65', 'nihil');
INSERT INTO `communities` (`id`, `name`) VALUES ('5', 'non');
INSERT INTO `communities` (`id`, `name`) VALUES ('35', 'non');
INSERT INTO `communities` (`id`, `name`) VALUES ('91', 'odit');
INSERT INTO `communities` (`id`, `name`) VALUES ('63', 'officia');
INSERT INTO `communities` (`id`, `name`) VALUES ('48', 'omnis');
INSERT INTO `communities` (`id`, `name`) VALUES ('77', 'omnis');
INSERT INTO `communities` (`id`, `name`) VALUES ('83', 'optio');
INSERT INTO `communities` (`id`, `name`) VALUES ('28', 'pariatur');
INSERT INTO `communities` (`id`, `name`) VALUES ('19', 'perferendis');
INSERT INTO `communities` (`id`, `name`) VALUES ('25', 'perferendis');
INSERT INTO `communities` (`id`, `name`) VALUES ('13', 'porro');
INSERT INTO `communities` (`id`, `name`) VALUES ('12', 'quas');
INSERT INTO `communities` (`id`, `name`) VALUES ('18', 'quasi');
INSERT INTO `communities` (`id`, `name`) VALUES ('24', 'quasi');
INSERT INTO `communities` (`id`, `name`) VALUES ('55', 'quia');
INSERT INTO `communities` (`id`, `name`) VALUES ('72', 'quibusdam');
INSERT INTO `communities` (`id`, `name`) VALUES ('85', 'quidem');
INSERT INTO `communities` (`id`, `name`) VALUES ('6', 'quis');
INSERT INTO `communities` (`id`, `name`) VALUES ('49', 'quod');
INSERT INTO `communities` (`id`, `name`) VALUES ('10', 'rem');
INSERT INTO `communities` (`id`, `name`) VALUES ('71', 'rem');
INSERT INTO `communities` (`id`, `name`) VALUES ('37', 'repellendus');
INSERT INTO `communities` (`id`, `name`) VALUES ('70', 'reprehenderit');
INSERT INTO `communities` (`id`, `name`) VALUES ('67', 'rerum');
INSERT INTO `communities` (`id`, `name`) VALUES ('17', 'saepe');
INSERT INTO `communities` (`id`, `name`) VALUES ('79', 'saepe');
INSERT INTO `communities` (`id`, `name`) VALUES ('81', 'sed');
INSERT INTO `communities` (`id`, `name`) VALUES ('2', 'sint');
INSERT INTO `communities` (`id`, `name`) VALUES ('84', 'sint');
INSERT INTO `communities` (`id`, `name`) VALUES ('32', 'sit');
INSERT INTO `communities` (`id`, `name`) VALUES ('97', 'sit');
INSERT INTO `communities` (`id`, `name`) VALUES ('69', 'sunt');
INSERT INTO `communities` (`id`, `name`) VALUES ('40', 'tenetur');
INSERT INTO `communities` (`id`, `name`) VALUES ('60', 'totam');
INSERT INTO `communities` (`id`, `name`) VALUES ('23', 'ullam');
INSERT INTO `communities` (`id`, `name`) VALUES ('33', 'ut');
INSERT INTO `communities` (`id`, `name`) VALUES ('58', 'ut');
INSERT INTO `communities` (`id`, `name`) VALUES ('87', 'ut');
INSERT INTO `communities` (`id`, `name`) VALUES ('56', 'velit');
INSERT INTO `communities` (`id`, `name`) VALUES ('76', 'velit');
INSERT INTO `communities` (`id`, `name`) VALUES ('16', 'vero');
INSERT INTO `communities` (`id`, `name`) VALUES ('44', 'vero');
INSERT INTO `communities` (`id`, `name`) VALUES ('50', 'voluptatem');
INSERT INTO `communities` (`id`, `name`) VALUES ('98', 'voluptatum');


#
# TABLE STRUCTURE FOR: friend_requests
#

DROP TABLE IF EXISTS `friend_requests`;

CREATE TABLE `friend_requests` (
  `initiator_user_id` bigint(20) unsigned NOT NULL,
  `target_user_id` bigint(20) unsigned NOT NULL,
  `status` enum('requested','approved','unfriended','declined') COLLATE utf8_unicode_ci DEFAULT NULL,
  `requested_at` datetime DEFAULT current_timestamp(),
  `confirmed_at` datetime DEFAULT NULL,
  PRIMARY KEY (`initiator_user_id`,`target_user_id`),
  KEY `initiator_user_id` (`initiator_user_id`),
  KEY `target_user_id` (`target_user_id`),
  CONSTRAINT `friend_requests_ibfk_1` FOREIGN KEY (`initiator_user_id`) REFERENCES `users` (`id`),
  CONSTRAINT `friend_requests_ibfk_2` FOREIGN KEY (`target_user_id`) REFERENCES `users` (`id`)
) ENGINE=InnoDB DEFAULT CHARSET=utf8 COLLATE=utf8_unicode_ci;

INSERT INTO `friend_requests` (`initiator_user_id`, `target_user_id`, `status`, `requested_at`, `confirmed_at`) VALUES ('1', '1', 'approved', '2006-04-10 17:13:15', '2008-11-23 20:52:18');
INSERT INTO `friend_requests` (`initiator_user_id`, `target_user_id`, `status`, `requested_at`, `confirmed_at`) VALUES ('2', '2', 'requested', '1984-11-23 05:48:07', '2016-07-31 02:12:36');
INSERT INTO `friend_requests` (`initiator_user_id`, `target_user_id`, `status`, `requested_at`, `confirmed_at`) VALUES ('3', '3', 'declined', '1985-05-24 10:45:17', '2014-01-16 16:46:36');
INSERT INTO `friend_requests` (`initiator_user_id`, `target_user_id`, `status`, `requested_at`, `confirmed_at`) VALUES ('4', '4', 'declined', '1982-06-30 18:03:06', '1996-10-20 06:23:14');
INSERT INTO `friend_requests` (`initiator_user_id`, `target_user_id`, `status`, `requested_at`, `confirmed_at`) VALUES ('5', '5', 'approved', '2011-05-09 20:04:44', '1992-07-09 21:18:35');
INSERT INTO `friend_requests` (`initiator_user_id`, `target_user_id`, `status`, `requested_at`, `confirmed_at`) VALUES ('6', '6', 'unfriended', '1984-10-06 11:33:55', '2019-05-28 17:02:05');
INSERT INTO `friend_requests` (`initiator_user_id`, `target_user_id`, `status`, `requested_at`, `confirmed_at`) VALUES ('7', '7', 'requested', '1977-04-30 14:41:39', '2006-11-26 11:18:56');
INSERT INTO `friend_requests` (`initiator_user_id`, `target_user_id`, `status`, `requested_at`, `confirmed_at`) VALUES ('8', '8', 'requested', '1980-12-02 10:00:03', '1989-05-29 17:49:06');
INSERT INTO `friend_requests` (`initiator_user_id`, `target_user_id`, `status`, `requested_at`, `confirmed_at`) VALUES ('9', '9', 'requested', '1993-03-17 03:41:02', '1981-10-26 22:48:08');
INSERT INTO `friend_requests` (`initiator_user_id`, `target_user_id`, `status`, `requested_at`, `confirmed_at`) VALUES ('10', '10', 'unfriended', '1983-02-05 06:25:27', '2008-03-11 20:43:56');
INSERT INTO `friend_requests` (`initiator_user_id`, `target_user_id`, `status`, `requested_at`, `confirmed_at`) VALUES ('11', '11', 'requested', '1991-02-11 19:05:30', '1990-08-31 12:42:38');
INSERT INTO `friend_requests` (`initiator_user_id`, `target_user_id`, `status`, `requested_at`, `confirmed_at`) VALUES ('12', '12', 'approved', '1980-07-06 12:07:33', '1987-12-18 02:15:59');
INSERT INTO `friend_requests` (`initiator_user_id`, `target_user_id`, `status`, `requested_at`, `confirmed_at`) VALUES ('13', '13', 'unfriended', '1982-01-07 02:36:34', '1988-02-09 02:28:29');
INSERT INTO `friend_requests` (`initiator_user_id`, `target_user_id`, `status`, `requested_at`, `confirmed_at`) VALUES ('14', '14', 'declined', '2010-02-14 23:39:11', '1985-08-09 17:21:18');
INSERT INTO `friend_requests` (`initiator_user_id`, `target_user_id`, `status`, `requested_at`, `confirmed_at`) VALUES ('15', '15', 'approved', '2001-03-31 01:41:14', '2011-08-29 11:06:33');
INSERT INTO `friend_requests` (`initiator_user_id`, `target_user_id`, `status`, `requested_at`, `confirmed_at`) VALUES ('16', '16', 'approved', '1993-02-13 04:50:58', '2001-05-21 06:20:39');
INSERT INTO `friend_requests` (`initiator_user_id`, `target_user_id`, `status`, `requested_at`, `confirmed_at`) VALUES ('17', '17', 'approved', '1994-12-30 20:57:42', '1980-01-23 09:48:04');
INSERT INTO `friend_requests` (`initiator_user_id`, `target_user_id`, `status`, `requested_at`, `confirmed_at`) VALUES ('18', '18', 'declined', '2014-12-30 05:29:29', '2004-11-19 00:05:54');
INSERT INTO `friend_requests` (`initiator_user_id`, `target_user_id`, `status`, `requested_at`, `confirmed_at`) VALUES ('19', '19', 'approved', '2004-03-10 15:35:59', '1993-12-04 06:53:58');
INSERT INTO `friend_requests` (`initiator_user_id`, `target_user_id`, `status`, `requested_at`, `confirmed_at`) VALUES ('20', '20', 'requested', '1984-02-03 08:27:54', '1974-06-29 12:53:39');
INSERT INTO `friend_requests` (`initiator_user_id`, `target_user_id`, `status`, `requested_at`, `confirmed_at`) VALUES ('21', '21', 'unfriended', '1988-08-18 06:47:58', '1970-08-20 07:37:42');
INSERT INTO `friend_requests` (`initiator_user_id`, `target_user_id`, `status`, `requested_at`, `confirmed_at`) VALUES ('22', '22', 'unfriended', '1996-09-07 16:58:57', '2014-08-24 05:22:22');
INSERT INTO `friend_requests` (`initiator_user_id`, `target_user_id`, `status`, `requested_at`, `confirmed_at`) VALUES ('23', '23', 'requested', '2002-12-22 03:21:35', '1977-04-08 07:05:18');
INSERT INTO `friend_requests` (`initiator_user_id`, `target_user_id`, `status`, `requested_at`, `confirmed_at`) VALUES ('24', '24', 'unfriended', '1988-03-13 06:04:05', '1976-02-25 23:04:15');
INSERT INTO `friend_requests` (`initiator_user_id`, `target_user_id`, `status`, `requested_at`, `confirmed_at`) VALUES ('25', '25', 'requested', '2005-03-14 20:13:11', '1989-08-29 13:40:52');
INSERT INTO `friend_requests` (`initiator_user_id`, `target_user_id`, `status`, `requested_at`, `confirmed_at`) VALUES ('26', '26', 'approved', '1984-10-17 01:35:50', '1979-05-15 21:13:45');
INSERT INTO `friend_requests` (`initiator_user_id`, `target_user_id`, `status`, `requested_at`, `confirmed_at`) VALUES ('27', '27', 'declined', '2008-06-29 22:28:53', '1974-09-16 21:09:37');
INSERT INTO `friend_requests` (`initiator_user_id`, `target_user_id`, `status`, `requested_at`, `confirmed_at`) VALUES ('28', '28', 'approved', '2018-03-10 00:19:51', '2003-02-04 17:39:55');
INSERT INTO `friend_requests` (`initiator_user_id`, `target_user_id`, `status`, `requested_at`, `confirmed_at`) VALUES ('29', '29', 'requested', '2015-10-16 17:05:29', '1985-12-05 11:48:39');
INSERT INTO `friend_requests` (`initiator_user_id`, `target_user_id`, `status`, `requested_at`, `confirmed_at`) VALUES ('30', '30', 'requested', '1993-08-10 15:01:41', '1997-01-23 13:00:21');
INSERT INTO `friend_requests` (`initiator_user_id`, `target_user_id`, `status`, `requested_at`, `confirmed_at`) VALUES ('31', '31', 'requested', '1995-07-12 04:37:09', '2015-12-04 02:36:42');
INSERT INTO `friend_requests` (`initiator_user_id`, `target_user_id`, `status`, `requested_at`, `confirmed_at`) VALUES ('32', '32', 'approved', '1993-04-23 15:51:55', '1984-02-19 22:28:58');
INSERT INTO `friend_requests` (`initiator_user_id`, `target_user_id`, `status`, `requested_at`, `confirmed_at`) VALUES ('33', '33', 'approved', '2001-01-13 09:36:26', '2008-01-25 13:09:52');
INSERT INTO `friend_requests` (`initiator_user_id`, `target_user_id`, `status`, `requested_at`, `confirmed_at`) VALUES ('34', '34', 'unfriended', '1997-05-22 14:03:39', '1984-12-26 09:06:11');
INSERT INTO `friend_requests` (`initiator_user_id`, `target_user_id`, `status`, `requested_at`, `confirmed_at`) VALUES ('35', '35', 'unfriended', '1976-03-11 10:52:15', '2017-03-21 01:47:08');
INSERT INTO `friend_requests` (`initiator_user_id`, `target_user_id`, `status`, `requested_at`, `confirmed_at`) VALUES ('36', '36', 'declined', '2009-04-16 07:38:33', '2020-03-18 09:25:51');
INSERT INTO `friend_requests` (`initiator_user_id`, `target_user_id`, `status`, `requested_at`, `confirmed_at`) VALUES ('37', '37', 'requested', '1989-04-17 14:19:47', '1994-07-06 11:18:44');
INSERT INTO `friend_requests` (`initiator_user_id`, `target_user_id`, `status`, `requested_at`, `confirmed_at`) VALUES ('38', '38', 'declined', '2010-02-11 10:34:13', '2017-04-17 08:22:02');
INSERT INTO `friend_requests` (`initiator_user_id`, `target_user_id`, `status`, `requested_at`, `confirmed_at`) VALUES ('39', '39', 'approved', '2011-02-05 04:57:42', '2009-04-08 01:15:23');
INSERT INTO `friend_requests` (`initiator_user_id`, `target_user_id`, `status`, `requested_at`, `confirmed_at`) VALUES ('40', '40', 'requested', '1999-09-18 11:40:09', '2016-03-03 12:22:06');
INSERT INTO `friend_requests` (`initiator_user_id`, `target_user_id`, `status`, `requested_at`, `confirmed_at`) VALUES ('41', '41', 'unfriended', '2015-12-24 07:36:43', '1976-09-05 11:56:05');
INSERT INTO `friend_requests` (`initiator_user_id`, `target_user_id`, `status`, `requested_at`, `confirmed_at`) VALUES ('42', '42', 'unfriended', '2020-03-01 16:59:49', '1985-09-08 18:18:47');
INSERT INTO `friend_requests` (`initiator_user_id`, `target_user_id`, `status`, `requested_at`, `confirmed_at`) VALUES ('43', '43', 'declined', '2006-11-04 00:09:06', '2015-03-20 07:18:54');
INSERT INTO `friend_requests` (`initiator_user_id`, `target_user_id`, `status`, `requested_at`, `confirmed_at`) VALUES ('44', '44', 'approved', '2007-11-23 17:24:20', '1991-02-25 15:30:28');
INSERT INTO `friend_requests` (`initiator_user_id`, `target_user_id`, `status`, `requested_at`, `confirmed_at`) VALUES ('45', '45', 'requested', '2001-07-12 00:09:37', '1986-05-08 17:17:53');
INSERT INTO `friend_requests` (`initiator_user_id`, `target_user_id`, `status`, `requested_at`, `confirmed_at`) VALUES ('46', '46', 'requested', '2014-07-17 16:52:25', '1988-07-18 17:56:06');
INSERT INTO `friend_requests` (`initiator_user_id`, `target_user_id`, `status`, `requested_at`, `confirmed_at`) VALUES ('47', '47', 'requested', '2004-08-04 14:48:14', '1998-07-10 15:04:11');
INSERT INTO `friend_requests` (`initiator_user_id`, `target_user_id`, `status`, `requested_at`, `confirmed_at`) VALUES ('48', '48', 'declined', '1981-11-27 00:49:50', '1996-09-24 23:51:59');
INSERT INTO `friend_requests` (`initiator_user_id`, `target_user_id`, `status`, `requested_at`, `confirmed_at`) VALUES ('49', '49', 'unfriended', '1987-11-29 01:58:32', '2012-08-28 15:09:38');
INSERT INTO `friend_requests` (`initiator_user_id`, `target_user_id`, `status`, `requested_at`, `confirmed_at`) VALUES ('50', '50', 'declined', '1987-01-01 00:32:51', '2013-12-13 13:15:11');
INSERT INTO `friend_requests` (`initiator_user_id`, `target_user_id`, `status`, `requested_at`, `confirmed_at`) VALUES ('51', '51', 'requested', '2019-11-06 09:44:42', '1986-05-26 16:10:14');
INSERT INTO `friend_requests` (`initiator_user_id`, `target_user_id`, `status`, `requested_at`, `confirmed_at`) VALUES ('52', '52', 'declined', '2009-12-03 11:50:05', '2013-03-20 19:04:41');
INSERT INTO `friend_requests` (`initiator_user_id`, `target_user_id`, `status`, `requested_at`, `confirmed_at`) VALUES ('53', '53', 'unfriended', '1991-11-20 20:32:20', '2012-02-06 18:47:22');
INSERT INTO `friend_requests` (`initiator_user_id`, `target_user_id`, `status`, `requested_at`, `confirmed_at`) VALUES ('54', '54', 'requested', '1989-02-13 14:10:18', '1984-09-09 10:51:34');
INSERT INTO `friend_requests` (`initiator_user_id`, `target_user_id`, `status`, `requested_at`, `confirmed_at`) VALUES ('55', '55', 'declined', '1979-06-10 06:07:24', '1992-01-25 15:19:36');
INSERT INTO `friend_requests` (`initiator_user_id`, `target_user_id`, `status`, `requested_at`, `confirmed_at`) VALUES ('56', '56', 'requested', '2014-05-20 10:13:44', '2007-01-03 09:51:48');
INSERT INTO `friend_requests` (`initiator_user_id`, `target_user_id`, `status`, `requested_at`, `confirmed_at`) VALUES ('57', '57', 'declined', '1981-10-27 04:25:55', '2002-01-07 07:35:59');
INSERT INTO `friend_requests` (`initiator_user_id`, `target_user_id`, `status`, `requested_at`, `confirmed_at`) VALUES ('58', '58', 'approved', '2009-10-16 05:34:09', '1990-04-23 18:02:49');
INSERT INTO `friend_requests` (`initiator_user_id`, `target_user_id`, `status`, `requested_at`, `confirmed_at`) VALUES ('59', '59', 'declined', '2004-10-26 12:30:08', '1984-02-10 17:15:37');
INSERT INTO `friend_requests` (`initiator_user_id`, `target_user_id`, `status`, `requested_at`, `confirmed_at`) VALUES ('60', '60', 'requested', '2014-04-24 09:22:59', '2004-11-14 13:36:58');
INSERT INTO `friend_requests` (`initiator_user_id`, `target_user_id`, `status`, `requested_at`, `confirmed_at`) VALUES ('61', '61', 'declined', '1999-05-21 02:35:53', '2002-01-20 07:15:46');
INSERT INTO `friend_requests` (`initiator_user_id`, `target_user_id`, `status`, `requested_at`, `confirmed_at`) VALUES ('62', '62', 'requested', '1996-12-10 11:00:02', '1989-03-18 08:07:16');
INSERT INTO `friend_requests` (`initiator_user_id`, `target_user_id`, `status`, `requested_at`, `confirmed_at`) VALUES ('63', '63', 'declined', '1974-09-04 07:59:42', '1990-09-15 13:54:19');
INSERT INTO `friend_requests` (`initiator_user_id`, `target_user_id`, `status`, `requested_at`, `confirmed_at`) VALUES ('64', '64', 'declined', '1987-12-10 11:15:23', '1989-03-07 02:25:09');
INSERT INTO `friend_requests` (`initiator_user_id`, `target_user_id`, `status`, `requested_at`, `confirmed_at`) VALUES ('65', '65', 'unfriended', '1982-08-08 18:20:30', '2016-08-25 05:21:43');
INSERT INTO `friend_requests` (`initiator_user_id`, `target_user_id`, `status`, `requested_at`, `confirmed_at`) VALUES ('66', '66', 'unfriended', '2011-04-15 20:29:19', '2001-08-29 12:37:10');
INSERT INTO `friend_requests` (`initiator_user_id`, `target_user_id`, `status`, `requested_at`, `confirmed_at`) VALUES ('67', '67', 'declined', '1978-04-17 07:44:54', '1981-05-07 21:37:30');
INSERT INTO `friend_requests` (`initiator_user_id`, `target_user_id`, `status`, `requested_at`, `confirmed_at`) VALUES ('68', '68', 'approved', '2002-01-27 07:08:44', '1978-11-28 11:33:58');
INSERT INTO `friend_requests` (`initiator_user_id`, `target_user_id`, `status`, `requested_at`, `confirmed_at`) VALUES ('69', '69', 'requested', '1998-11-18 03:26:25', '1992-11-22 16:48:31');
INSERT INTO `friend_requests` (`initiator_user_id`, `target_user_id`, `status`, `requested_at`, `confirmed_at`) VALUES ('70', '70', 'unfriended', '1983-12-02 08:38:49', '2001-12-25 08:21:43');
INSERT INTO `friend_requests` (`initiator_user_id`, `target_user_id`, `status`, `requested_at`, `confirmed_at`) VALUES ('71', '71', 'approved', '2007-01-10 21:25:25', '1973-04-17 23:16:50');
INSERT INTO `friend_requests` (`initiator_user_id`, `target_user_id`, `status`, `requested_at`, `confirmed_at`) VALUES ('72', '72', 'declined', '1979-10-12 01:57:10', '1990-02-26 21:02:16');
INSERT INTO `friend_requests` (`initiator_user_id`, `target_user_id`, `status`, `requested_at`, `confirmed_at`) VALUES ('73', '73', 'declined', '1992-09-13 07:28:47', '2006-09-29 14:58:10');
INSERT INTO `friend_requests` (`initiator_user_id`, `target_user_id`, `status`, `requested_at`, `confirmed_at`) VALUES ('74', '74', 'unfriended', '1976-09-09 20:05:39', '2013-05-03 23:36:16');
INSERT INTO `friend_requests` (`initiator_user_id`, `target_user_id`, `status`, `requested_at`, `confirmed_at`) VALUES ('75', '75', 'unfriended', '1995-06-29 17:21:37', '1997-11-19 11:19:16');
INSERT INTO `friend_requests` (`initiator_user_id`, `target_user_id`, `status`, `requested_at`, `confirmed_at`) VALUES ('76', '76', 'declined', '1973-04-11 19:35:56', '1991-06-23 06:05:52');
INSERT INTO `friend_requests` (`initiator_user_id`, `target_user_id`, `status`, `requested_at`, `confirmed_at`) VALUES ('77', '77', 'declined', '2001-08-17 08:57:41', '2020-01-19 01:05:01');
INSERT INTO `friend_requests` (`initiator_user_id`, `target_user_id`, `status`, `requested_at`, `confirmed_at`) VALUES ('78', '78', 'unfriended', '1975-05-21 08:02:58', '1987-05-01 00:44:45');
INSERT INTO `friend_requests` (`initiator_user_id`, `target_user_id`, `status`, `requested_at`, `confirmed_at`) VALUES ('79', '79', 'declined', '2014-10-27 13:59:07', '2014-03-11 10:55:28');
INSERT INTO `friend_requests` (`initiator_user_id`, `target_user_id`, `status`, `requested_at`, `confirmed_at`) VALUES ('80', '80', 'declined', '1993-01-07 03:54:44', '2011-07-25 06:21:20');
INSERT INTO `friend_requests` (`initiator_user_id`, `target_user_id`, `status`, `requested_at`, `confirmed_at`) VALUES ('81', '81', 'approved', '1979-08-07 10:04:19', '1974-11-10 17:26:58');
INSERT INTO `friend_requests` (`initiator_user_id`, `target_user_id`, `status`, `requested_at`, `confirmed_at`) VALUES ('82', '82', 'requested', '1989-11-30 05:43:11', '1981-06-24 22:26:21');
INSERT INTO `friend_requests` (`initiator_user_id`, `target_user_id`, `status`, `requested_at`, `confirmed_at`) VALUES ('83', '83', 'requested', '1989-08-27 14:38:19', '2020-04-02 04:07:09');
INSERT INTO `friend_requests` (`initiator_user_id`, `target_user_id`, `status`, `requested_at`, `confirmed_at`) VALUES ('84', '84', 'approved', '2005-07-16 13:53:32', '2017-11-12 18:10:50');
INSERT INTO `friend_requests` (`initiator_user_id`, `target_user_id`, `status`, `requested_at`, `confirmed_at`) VALUES ('85', '85', 'unfriended', '2013-11-16 18:46:53', '1982-07-25 18:57:39');
INSERT INTO `friend_requests` (`initiator_user_id`, `target_user_id`, `status`, `requested_at`, `confirmed_at`) VALUES ('86', '86', 'requested', '1974-09-25 17:32:01', '1972-12-05 10:12:41');
INSERT INTO `friend_requests` (`initiator_user_id`, `target_user_id`, `status`, `requested_at`, `confirmed_at`) VALUES ('87', '87', 'requested', '1979-12-21 03:44:05', '1997-01-20 22:28:04');
INSERT INTO `friend_requests` (`initiator_user_id`, `target_user_id`, `status`, `requested_at`, `confirmed_at`) VALUES ('88', '88', 'approved', '1987-10-06 02:07:09', '2005-01-14 11:36:12');
INSERT INTO `friend_requests` (`initiator_user_id`, `target_user_id`, `status`, `requested_at`, `confirmed_at`) VALUES ('89', '89', 'requested', '2001-01-04 19:27:37', '2004-11-12 18:35:07');
INSERT INTO `friend_requests` (`initiator_user_id`, `target_user_id`, `status`, `requested_at`, `confirmed_at`) VALUES ('90', '90', 'unfriended', '1996-01-22 18:20:06', '2002-01-25 12:36:42');
INSERT INTO `friend_requests` (`initiator_user_id`, `target_user_id`, `status`, `requested_at`, `confirmed_at`) VALUES ('91', '91', 'requested', '1970-08-28 17:55:31', '1983-09-28 12:27:13');
INSERT INTO `friend_requests` (`initiator_user_id`, `target_user_id`, `status`, `requested_at`, `confirmed_at`) VALUES ('92', '92', 'requested', '2007-06-26 08:02:24', '2019-12-10 18:09:20');
INSERT INTO `friend_requests` (`initiator_user_id`, `target_user_id`, `status`, `requested_at`, `confirmed_at`) VALUES ('93', '93', 'unfriended', '2008-09-05 16:36:15', '1973-12-17 06:08:06');
INSERT INTO `friend_requests` (`initiator_user_id`, `target_user_id`, `status`, `requested_at`, `confirmed_at`) VALUES ('94', '94', 'requested', '1988-12-28 18:29:33', '1989-03-29 04:00:37');
INSERT INTO `friend_requests` (`initiator_user_id`, `target_user_id`, `status`, `requested_at`, `confirmed_at`) VALUES ('95', '95', 'approved', '1989-04-30 12:28:58', '1996-06-05 11:21:50');
INSERT INTO `friend_requests` (`initiator_user_id`, `target_user_id`, `status`, `requested_at`, `confirmed_at`) VALUES ('96', '96', 'unfriended', '1997-02-09 15:37:06', '1986-02-26 06:50:59');
INSERT INTO `friend_requests` (`initiator_user_id`, `target_user_id`, `status`, `requested_at`, `confirmed_at`) VALUES ('97', '97', 'approved', '2003-01-31 01:50:58', '2015-05-14 18:37:31');
INSERT INTO `friend_requests` (`initiator_user_id`, `target_user_id`, `status`, `requested_at`, `confirmed_at`) VALUES ('98', '98', 'requested', '1971-04-28 14:14:35', '2006-03-09 21:17:22');
INSERT INTO `friend_requests` (`initiator_user_id`, `target_user_id`, `status`, `requested_at`, `confirmed_at`) VALUES ('99', '99', 'declined', '2013-02-05 13:18:22', '2001-02-24 20:32:13');
INSERT INTO `friend_requests` (`initiator_user_id`, `target_user_id`, `status`, `requested_at`, `confirmed_at`) VALUES ('100', '100', 'requested', '1989-08-12 04:02:52', '1973-10-01 20:48:05');


#
# TABLE STRUCTURE FOR: likes
#

DROP TABLE IF EXISTS `likes`;

CREATE TABLE `likes` (
  `id` bigint(20) unsigned NOT NULL AUTO_INCREMENT,
  `user_id` bigint(20) unsigned NOT NULL,
  `media_id` bigint(20) unsigned NOT NULL,
  `created_at` datetime DEFAULT current_timestamp(),
  PRIMARY KEY (`id`),
  KEY `user_id` (`user_id`),
  KEY `media_id` (`media_id`),
  CONSTRAINT `likes_ibfk_1` FOREIGN KEY (`user_id`) REFERENCES `users` (`id`),
  CONSTRAINT `likes_ibfk_2` FOREIGN KEY (`media_id`) REFERENCES `media` (`id`)
) ENGINE=InnoDB AUTO_INCREMENT=101 DEFAULT CHARSET=utf8 COLLATE=utf8_unicode_ci;

INSERT INTO `likes` (`id`, `user_id`, `media_id`, `created_at`) VALUES ('1', '1', '1', '2006-10-03 08:50:03');
INSERT INTO `likes` (`id`, `user_id`, `media_id`, `created_at`) VALUES ('2', '2', '2', '2016-05-29 13:20:32');
INSERT INTO `likes` (`id`, `user_id`, `media_id`, `created_at`) VALUES ('3', '3', '3', '1998-10-09 21:06:48');
INSERT INTO `likes` (`id`, `user_id`, `media_id`, `created_at`) VALUES ('4', '4', '4', '2004-05-09 11:41:45');
INSERT INTO `likes` (`id`, `user_id`, `media_id`, `created_at`) VALUES ('5', '5', '5', '2004-07-16 04:48:13');
INSERT INTO `likes` (`id`, `user_id`, `media_id`, `created_at`) VALUES ('6', '6', '6', '2007-10-03 23:28:36');
INSERT INTO `likes` (`id`, `user_id`, `media_id`, `created_at`) VALUES ('7', '7', '7', '2006-11-06 03:30:57');
INSERT INTO `likes` (`id`, `user_id`, `media_id`, `created_at`) VALUES ('8', '8', '8', '1989-04-23 16:04:48');
INSERT INTO `likes` (`id`, `user_id`, `media_id`, `created_at`) VALUES ('9', '9', '9', '1996-07-03 07:29:32');
INSERT INTO `likes` (`id`, `user_id`, `media_id`, `created_at`) VALUES ('10', '10', '10', '2015-02-08 12:45:57');
INSERT INTO `likes` (`id`, `user_id`, `media_id`, `created_at`) VALUES ('11', '11', '11', '2005-02-01 23:19:33');
INSERT INTO `likes` (`id`, `user_id`, `media_id`, `created_at`) VALUES ('12', '12', '12', '1978-12-18 20:00:59');
INSERT INTO `likes` (`id`, `user_id`, `media_id`, `created_at`) VALUES ('13', '13', '13', '1988-03-27 19:07:20');
INSERT INTO `likes` (`id`, `user_id`, `media_id`, `created_at`) VALUES ('14', '14', '14', '2019-02-25 23:10:58');
INSERT INTO `likes` (`id`, `user_id`, `media_id`, `created_at`) VALUES ('15', '15', '15', '2009-02-18 11:02:39');
INSERT INTO `likes` (`id`, `user_id`, `media_id`, `created_at`) VALUES ('16', '16', '16', '2007-04-02 04:30:41');
INSERT INTO `likes` (`id`, `user_id`, `media_id`, `created_at`) VALUES ('17', '17', '17', '1972-10-15 00:22:40');
INSERT INTO `likes` (`id`, `user_id`, `media_id`, `created_at`) VALUES ('18', '18', '18', '1970-10-04 00:47:45');
INSERT INTO `likes` (`id`, `user_id`, `media_id`, `created_at`) VALUES ('19', '19', '19', '2003-09-21 14:47:26');
INSERT INTO `likes` (`id`, `user_id`, `media_id`, `created_at`) VALUES ('20', '20', '20', '2011-04-04 22:15:27');
INSERT INTO `likes` (`id`, `user_id`, `media_id`, `created_at`) VALUES ('21', '21', '21', '1996-11-19 15:20:41');
INSERT INTO `likes` (`id`, `user_id`, `media_id`, `created_at`) VALUES ('22', '22', '22', '1987-06-16 16:08:30');
INSERT INTO `likes` (`id`, `user_id`, `media_id`, `created_at`) VALUES ('23', '23', '23', '2015-12-21 01:07:41');
INSERT INTO `likes` (`id`, `user_id`, `media_id`, `created_at`) VALUES ('24', '24', '24', '1972-09-20 02:49:22');
INSERT INTO `likes` (`id`, `user_id`, `media_id`, `created_at`) VALUES ('25', '25', '25', '1992-01-23 00:24:41');
INSERT INTO `likes` (`id`, `user_id`, `media_id`, `created_at`) VALUES ('26', '26', '26', '1997-11-06 08:50:32');
INSERT INTO `likes` (`id`, `user_id`, `media_id`, `created_at`) VALUES ('27', '27', '27', '1980-03-09 10:59:46');
INSERT INTO `likes` (`id`, `user_id`, `media_id`, `created_at`) VALUES ('28', '28', '28', '1995-05-15 19:00:25');
INSERT INTO `likes` (`id`, `user_id`, `media_id`, `created_at`) VALUES ('29', '29', '29', '1986-04-09 22:59:07');
INSERT INTO `likes` (`id`, `user_id`, `media_id`, `created_at`) VALUES ('30', '30', '30', '1998-02-08 10:03:26');
INSERT INTO `likes` (`id`, `user_id`, `media_id`, `created_at`) VALUES ('31', '31', '31', '1997-02-21 21:58:27');
INSERT INTO `likes` (`id`, `user_id`, `media_id`, `created_at`) VALUES ('32', '32', '32', '2006-08-23 05:50:17');
INSERT INTO `likes` (`id`, `user_id`, `media_id`, `created_at`) VALUES ('33', '33', '33', '2010-05-10 14:50:10');
INSERT INTO `likes` (`id`, `user_id`, `media_id`, `created_at`) VALUES ('34', '34', '34', '1993-09-24 07:20:16');
INSERT INTO `likes` (`id`, `user_id`, `media_id`, `created_at`) VALUES ('35', '35', '35', '2012-05-30 23:19:18');
INSERT INTO `likes` (`id`, `user_id`, `media_id`, `created_at`) VALUES ('36', '36', '36', '1974-06-23 11:00:03');
INSERT INTO `likes` (`id`, `user_id`, `media_id`, `created_at`) VALUES ('37', '37', '37', '2014-07-21 14:19:49');
INSERT INTO `likes` (`id`, `user_id`, `media_id`, `created_at`) VALUES ('38', '38', '38', '2003-01-22 00:35:04');
INSERT INTO `likes` (`id`, `user_id`, `media_id`, `created_at`) VALUES ('39', '39', '39', '2005-02-19 07:23:08');
INSERT INTO `likes` (`id`, `user_id`, `media_id`, `created_at`) VALUES ('40', '40', '40', '1977-04-08 06:22:01');
INSERT INTO `likes` (`id`, `user_id`, `media_id`, `created_at`) VALUES ('41', '41', '41', '2008-04-12 12:40:43');
INSERT INTO `likes` (`id`, `user_id`, `media_id`, `created_at`) VALUES ('42', '42', '42', '2004-10-18 23:39:32');
INSERT INTO `likes` (`id`, `user_id`, `media_id`, `created_at`) VALUES ('43', '43', '43', '1976-10-10 14:03:36');
INSERT INTO `likes` (`id`, `user_id`, `media_id`, `created_at`) VALUES ('44', '44', '44', '2012-05-28 15:18:46');
INSERT INTO `likes` (`id`, `user_id`, `media_id`, `created_at`) VALUES ('45', '45', '45', '2011-11-02 04:42:43');
INSERT INTO `likes` (`id`, `user_id`, `media_id`, `created_at`) VALUES ('46', '46', '46', '1992-08-01 18:22:05');
INSERT INTO `likes` (`id`, `user_id`, `media_id`, `created_at`) VALUES ('47', '47', '47', '2014-02-16 22:16:56');
INSERT INTO `likes` (`id`, `user_id`, `media_id`, `created_at`) VALUES ('48', '48', '48', '2017-12-11 09:49:27');
INSERT INTO `likes` (`id`, `user_id`, `media_id`, `created_at`) VALUES ('49', '49', '49', '2007-06-22 14:04:37');
INSERT INTO `likes` (`id`, `user_id`, `media_id`, `created_at`) VALUES ('50', '50', '50', '1971-11-20 21:26:00');
INSERT INTO `likes` (`id`, `user_id`, `media_id`, `created_at`) VALUES ('51', '51', '51', '2019-01-08 06:14:59');
INSERT INTO `likes` (`id`, `user_id`, `media_id`, `created_at`) VALUES ('52', '52', '52', '2012-08-27 09:28:28');
INSERT INTO `likes` (`id`, `user_id`, `media_id`, `created_at`) VALUES ('53', '53', '53', '1999-10-01 08:17:31');
INSERT INTO `likes` (`id`, `user_id`, `media_id`, `created_at`) VALUES ('54', '54', '54', '2012-09-21 16:43:55');
INSERT INTO `likes` (`id`, `user_id`, `media_id`, `created_at`) VALUES ('55', '55', '55', '1974-05-25 05:37:15');
INSERT INTO `likes` (`id`, `user_id`, `media_id`, `created_at`) VALUES ('56', '56', '56', '1976-04-23 14:09:51');
INSERT INTO `likes` (`id`, `user_id`, `media_id`, `created_at`) VALUES ('57', '57', '57', '1999-05-01 12:25:05');
INSERT INTO `likes` (`id`, `user_id`, `media_id`, `created_at`) VALUES ('58', '58', '58', '1985-12-21 22:35:05');
INSERT INTO `likes` (`id`, `user_id`, `media_id`, `created_at`) VALUES ('59', '59', '59', '1975-12-30 14:53:52');
INSERT INTO `likes` (`id`, `user_id`, `media_id`, `created_at`) VALUES ('60', '60', '60', '1979-10-22 03:53:40');
INSERT INTO `likes` (`id`, `user_id`, `media_id`, `created_at`) VALUES ('61', '61', '61', '2008-10-05 04:11:08');
INSERT INTO `likes` (`id`, `user_id`, `media_id`, `created_at`) VALUES ('62', '62', '62', '2008-06-17 11:39:20');
INSERT INTO `likes` (`id`, `user_id`, `media_id`, `created_at`) VALUES ('63', '63', '63', '1973-12-21 01:28:16');
INSERT INTO `likes` (`id`, `user_id`, `media_id`, `created_at`) VALUES ('64', '64', '64', '1988-06-08 06:35:12');
INSERT INTO `likes` (`id`, `user_id`, `media_id`, `created_at`) VALUES ('65', '65', '65', '1982-10-15 09:41:25');
INSERT INTO `likes` (`id`, `user_id`, `media_id`, `created_at`) VALUES ('66', '66', '66', '1984-08-13 05:38:47');
INSERT INTO `likes` (`id`, `user_id`, `media_id`, `created_at`) VALUES ('67', '67', '67', '2012-07-16 03:11:08');
INSERT INTO `likes` (`id`, `user_id`, `media_id`, `created_at`) VALUES ('68', '68', '68', '2016-04-08 22:03:05');
INSERT INTO `likes` (`id`, `user_id`, `media_id`, `created_at`) VALUES ('69', '69', '69', '2009-12-10 01:45:59');
INSERT INTO `likes` (`id`, `user_id`, `media_id`, `created_at`) VALUES ('70', '70', '70', '1983-02-14 06:10:27');
INSERT INTO `likes` (`id`, `user_id`, `media_id`, `created_at`) VALUES ('71', '71', '71', '2013-12-01 19:20:33');
INSERT INTO `likes` (`id`, `user_id`, `media_id`, `created_at`) VALUES ('72', '72', '72', '2015-06-23 19:06:25');
INSERT INTO `likes` (`id`, `user_id`, `media_id`, `created_at`) VALUES ('73', '73', '73', '1978-01-03 22:14:01');
INSERT INTO `likes` (`id`, `user_id`, `media_id`, `created_at`) VALUES ('74', '74', '74', '1983-02-11 14:47:35');
INSERT INTO `likes` (`id`, `user_id`, `media_id`, `created_at`) VALUES ('75', '75', '75', '2010-08-29 11:32:43');
INSERT INTO `likes` (`id`, `user_id`, `media_id`, `created_at`) VALUES ('76', '76', '76', '2013-02-04 05:19:53');
INSERT INTO `likes` (`id`, `user_id`, `media_id`, `created_at`) VALUES ('77', '77', '77', '2007-12-26 23:52:12');
INSERT INTO `likes` (`id`, `user_id`, `media_id`, `created_at`) VALUES ('78', '78', '78', '1970-06-05 01:34:53');
INSERT INTO `likes` (`id`, `user_id`, `media_id`, `created_at`) VALUES ('79', '79', '79', '1994-01-15 12:02:32');
INSERT INTO `likes` (`id`, `user_id`, `media_id`, `created_at`) VALUES ('80', '80', '80', '1993-02-13 00:14:05');
INSERT INTO `likes` (`id`, `user_id`, `media_id`, `created_at`) VALUES ('81', '81', '81', '1991-02-01 17:35:03');
INSERT INTO `likes` (`id`, `user_id`, `media_id`, `created_at`) VALUES ('82', '82', '82', '1988-08-21 09:50:39');
INSERT INTO `likes` (`id`, `user_id`, `media_id`, `created_at`) VALUES ('83', '83', '83', '1978-08-14 21:49:17');
INSERT INTO `likes` (`id`, `user_id`, `media_id`, `created_at`) VALUES ('84', '84', '84', '2000-04-11 05:24:02');
INSERT INTO `likes` (`id`, `user_id`, `media_id`, `created_at`) VALUES ('85', '85', '85', '1979-11-25 23:31:23');
INSERT INTO `likes` (`id`, `user_id`, `media_id`, `created_at`) VALUES ('86', '86', '86', '2018-06-30 03:10:36');
INSERT INTO `likes` (`id`, `user_id`, `media_id`, `created_at`) VALUES ('87', '87', '87', '1978-06-09 18:17:19');
INSERT INTO `likes` (`id`, `user_id`, `media_id`, `created_at`) VALUES ('88', '88', '88', '1979-04-26 09:00:40');
INSERT INTO `likes` (`id`, `user_id`, `media_id`, `created_at`) VALUES ('89', '89', '89', '1994-06-27 04:38:17');
INSERT INTO `likes` (`id`, `user_id`, `media_id`, `created_at`) VALUES ('90', '90', '90', '2013-07-17 04:22:21');
INSERT INTO `likes` (`id`, `user_id`, `media_id`, `created_at`) VALUES ('91', '91', '91', '2010-07-05 10:39:13');
INSERT INTO `likes` (`id`, `user_id`, `media_id`, `created_at`) VALUES ('92', '92', '92', '1988-12-31 14:03:43');
INSERT INTO `likes` (`id`, `user_id`, `media_id`, `created_at`) VALUES ('93', '93', '93', '1986-08-13 09:24:52');
INSERT INTO `likes` (`id`, `user_id`, `media_id`, `created_at`) VALUES ('94', '94', '94', '1988-05-10 08:15:44');
INSERT INTO `likes` (`id`, `user_id`, `media_id`, `created_at`) VALUES ('95', '95', '95', '1971-04-15 20:26:14');
INSERT INTO `likes` (`id`, `user_id`, `media_id`, `created_at`) VALUES ('96', '96', '96', '1977-09-12 17:18:40');
INSERT INTO `likes` (`id`, `user_id`, `media_id`, `created_at`) VALUES ('97', '97', '97', '1971-01-12 13:50:47');
INSERT INTO `likes` (`id`, `user_id`, `media_id`, `created_at`) VALUES ('98', '98', '98', '1992-10-17 02:14:12');
INSERT INTO `likes` (`id`, `user_id`, `media_id`, `created_at`) VALUES ('99', '99', '99', '1985-09-30 14:27:55');
INSERT INTO `likes` (`id`, `user_id`, `media_id`, `created_at`) VALUES ('100', '100', '100', '2009-10-15 09:13:19');


#
# TABLE STRUCTURE FOR: likes_photos
#

DROP TABLE IF EXISTS `likes_photos`;

CREATE TABLE `likes_photos` (
  `user_id` bigint(20) unsigned NOT NULL,
  `photo_id` bigint(20) unsigned NOT NULL,
  `created_at` datetime DEFAULT current_timestamp(),
  PRIMARY KEY (`user_id`,`photo_id`),
  KEY `photo_id` (`photo_id`),
  CONSTRAINT `likes_photos_ibfk_1` FOREIGN KEY (`user_id`) REFERENCES `users` (`id`),
  CONSTRAINT `likes_photos_ibfk_2` FOREIGN KEY (`photo_id`) REFERENCES `photos` (`id`)
) ENGINE=InnoDB DEFAULT CHARSET=utf8 COLLATE=utf8_unicode_ci;

INSERT INTO `likes_photos` (`user_id`, `photo_id`, `created_at`) VALUES ('1', '1', '2009-07-29 17:24:27');
INSERT INTO `likes_photos` (`user_id`, `photo_id`, `created_at`) VALUES ('2', '2', '2016-01-06 00:11:30');
INSERT INTO `likes_photos` (`user_id`, `photo_id`, `created_at`) VALUES ('3', '3', '2006-03-09 08:04:46');
INSERT INTO `likes_photos` (`user_id`, `photo_id`, `created_at`) VALUES ('4', '4', '2006-07-06 18:11:38');
INSERT INTO `likes_photos` (`user_id`, `photo_id`, `created_at`) VALUES ('5', '5', '2006-03-19 23:52:25');
INSERT INTO `likes_photos` (`user_id`, `photo_id`, `created_at`) VALUES ('6', '6', '2009-07-23 22:29:39');
INSERT INTO `likes_photos` (`user_id`, `photo_id`, `created_at`) VALUES ('7', '7', '1972-03-22 14:51:43');
INSERT INTO `likes_photos` (`user_id`, `photo_id`, `created_at`) VALUES ('8', '8', '2004-07-16 16:01:42');
INSERT INTO `likes_photos` (`user_id`, `photo_id`, `created_at`) VALUES ('9', '9', '2010-11-14 16:15:42');
INSERT INTO `likes_photos` (`user_id`, `photo_id`, `created_at`) VALUES ('10', '10', '1994-07-14 06:45:56');
INSERT INTO `likes_photos` (`user_id`, `photo_id`, `created_at`) VALUES ('11', '11', '1999-12-12 22:06:47');
INSERT INTO `likes_photos` (`user_id`, `photo_id`, `created_at`) VALUES ('12', '12', '1990-08-24 07:51:19');
INSERT INTO `likes_photos` (`user_id`, `photo_id`, `created_at`) VALUES ('13', '13', '1997-04-02 21:20:36');
INSERT INTO `likes_photos` (`user_id`, `photo_id`, `created_at`) VALUES ('14', '14', '1979-04-10 17:03:27');
INSERT INTO `likes_photos` (`user_id`, `photo_id`, `created_at`) VALUES ('15', '15', '2008-01-31 00:17:40');
INSERT INTO `likes_photos` (`user_id`, `photo_id`, `created_at`) VALUES ('16', '16', '1986-08-03 03:48:50');
INSERT INTO `likes_photos` (`user_id`, `photo_id`, `created_at`) VALUES ('17', '17', '1996-03-26 16:49:23');
INSERT INTO `likes_photos` (`user_id`, `photo_id`, `created_at`) VALUES ('18', '18', '1993-01-29 04:42:14');
INSERT INTO `likes_photos` (`user_id`, `photo_id`, `created_at`) VALUES ('19', '19', '2007-10-23 20:47:34');
INSERT INTO `likes_photos` (`user_id`, `photo_id`, `created_at`) VALUES ('20', '20', '2004-09-04 04:16:24');
INSERT INTO `likes_photos` (`user_id`, `photo_id`, `created_at`) VALUES ('21', '21', '1993-03-28 16:19:59');
INSERT INTO `likes_photos` (`user_id`, `photo_id`, `created_at`) VALUES ('22', '22', '2007-03-07 19:26:25');
INSERT INTO `likes_photos` (`user_id`, `photo_id`, `created_at`) VALUES ('23', '23', '1979-12-22 10:46:53');
INSERT INTO `likes_photos` (`user_id`, `photo_id`, `created_at`) VALUES ('24', '24', '2014-08-15 18:29:02');
INSERT INTO `likes_photos` (`user_id`, `photo_id`, `created_at`) VALUES ('25', '25', '2009-06-06 19:48:11');
INSERT INTO `likes_photos` (`user_id`, `photo_id`, `created_at`) VALUES ('26', '26', '1977-04-04 14:42:53');
INSERT INTO `likes_photos` (`user_id`, `photo_id`, `created_at`) VALUES ('27', '27', '1979-05-12 16:53:56');
INSERT INTO `likes_photos` (`user_id`, `photo_id`, `created_at`) VALUES ('28', '28', '2001-02-04 21:38:07');
INSERT INTO `likes_photos` (`user_id`, `photo_id`, `created_at`) VALUES ('29', '29', '2009-02-17 01:55:14');
INSERT INTO `likes_photos` (`user_id`, `photo_id`, `created_at`) VALUES ('30', '30', '1997-04-02 23:00:50');
INSERT INTO `likes_photos` (`user_id`, `photo_id`, `created_at`) VALUES ('31', '31', '1986-06-28 15:44:18');
INSERT INTO `likes_photos` (`user_id`, `photo_id`, `created_at`) VALUES ('32', '32', '2014-11-14 06:31:53');
INSERT INTO `likes_photos` (`user_id`, `photo_id`, `created_at`) VALUES ('33', '33', '2015-11-18 12:09:53');
INSERT INTO `likes_photos` (`user_id`, `photo_id`, `created_at`) VALUES ('34', '34', '1985-02-28 14:01:07');
INSERT INTO `likes_photos` (`user_id`, `photo_id`, `created_at`) VALUES ('35', '35', '1994-09-28 16:49:57');
INSERT INTO `likes_photos` (`user_id`, `photo_id`, `created_at`) VALUES ('36', '36', '2002-02-11 11:51:07');
INSERT INTO `likes_photos` (`user_id`, `photo_id`, `created_at`) VALUES ('37', '37', '2019-06-25 15:15:00');
INSERT INTO `likes_photos` (`user_id`, `photo_id`, `created_at`) VALUES ('38', '38', '2015-07-16 02:07:07');
INSERT INTO `likes_photos` (`user_id`, `photo_id`, `created_at`) VALUES ('39', '39', '2020-01-06 14:09:01');
INSERT INTO `likes_photos` (`user_id`, `photo_id`, `created_at`) VALUES ('40', '40', '2007-04-26 03:51:11');
INSERT INTO `likes_photos` (`user_id`, `photo_id`, `created_at`) VALUES ('41', '41', '2018-02-20 12:07:24');
INSERT INTO `likes_photos` (`user_id`, `photo_id`, `created_at`) VALUES ('42', '42', '2017-11-04 23:54:41');
INSERT INTO `likes_photos` (`user_id`, `photo_id`, `created_at`) VALUES ('43', '43', '2017-01-10 03:56:10');
INSERT INTO `likes_photos` (`user_id`, `photo_id`, `created_at`) VALUES ('44', '44', '1973-04-07 08:54:17');
INSERT INTO `likes_photos` (`user_id`, `photo_id`, `created_at`) VALUES ('45', '45', '1996-03-29 05:29:27');
INSERT INTO `likes_photos` (`user_id`, `photo_id`, `created_at`) VALUES ('46', '46', '1981-06-18 20:46:30');
INSERT INTO `likes_photos` (`user_id`, `photo_id`, `created_at`) VALUES ('47', '47', '2016-04-15 21:11:36');
INSERT INTO `likes_photos` (`user_id`, `photo_id`, `created_at`) VALUES ('48', '48', '2009-04-27 08:44:47');
INSERT INTO `likes_photos` (`user_id`, `photo_id`, `created_at`) VALUES ('49', '49', '1973-04-21 13:24:17');
INSERT INTO `likes_photos` (`user_id`, `photo_id`, `created_at`) VALUES ('50', '50', '2001-10-29 05:02:32');
INSERT INTO `likes_photos` (`user_id`, `photo_id`, `created_at`) VALUES ('51', '51', '1989-07-20 16:38:16');
INSERT INTO `likes_photos` (`user_id`, `photo_id`, `created_at`) VALUES ('52', '52', '2003-04-30 18:09:13');
INSERT INTO `likes_photos` (`user_id`, `photo_id`, `created_at`) VALUES ('53', '53', '1971-01-11 21:44:45');
INSERT INTO `likes_photos` (`user_id`, `photo_id`, `created_at`) VALUES ('54', '54', '2015-10-11 13:08:30');
INSERT INTO `likes_photos` (`user_id`, `photo_id`, `created_at`) VALUES ('55', '55', '1982-01-10 18:55:07');
INSERT INTO `likes_photos` (`user_id`, `photo_id`, `created_at`) VALUES ('56', '56', '2020-02-18 08:01:39');
INSERT INTO `likes_photos` (`user_id`, `photo_id`, `created_at`) VALUES ('57', '57', '1994-12-11 17:42:31');
INSERT INTO `likes_photos` (`user_id`, `photo_id`, `created_at`) VALUES ('58', '58', '2017-10-24 10:16:50');
INSERT INTO `likes_photos` (`user_id`, `photo_id`, `created_at`) VALUES ('59', '59', '2011-09-02 14:43:59');
INSERT INTO `likes_photos` (`user_id`, `photo_id`, `created_at`) VALUES ('60', '60', '2016-05-05 12:44:14');
INSERT INTO `likes_photos` (`user_id`, `photo_id`, `created_at`) VALUES ('61', '61', '1986-11-02 05:29:23');
INSERT INTO `likes_photos` (`user_id`, `photo_id`, `created_at`) VALUES ('62', '62', '2004-11-03 08:39:53');
INSERT INTO `likes_photos` (`user_id`, `photo_id`, `created_at`) VALUES ('63', '63', '1978-09-04 08:12:57');
INSERT INTO `likes_photos` (`user_id`, `photo_id`, `created_at`) VALUES ('64', '64', '1993-01-30 19:06:43');
INSERT INTO `likes_photos` (`user_id`, `photo_id`, `created_at`) VALUES ('65', '65', '2012-02-11 23:44:57');
INSERT INTO `likes_photos` (`user_id`, `photo_id`, `created_at`) VALUES ('66', '66', '2004-01-20 17:41:09');
INSERT INTO `likes_photos` (`user_id`, `photo_id`, `created_at`) VALUES ('67', '67', '2009-06-22 22:33:40');
INSERT INTO `likes_photos` (`user_id`, `photo_id`, `created_at`) VALUES ('68', '68', '1971-02-05 11:17:17');
INSERT INTO `likes_photos` (`user_id`, `photo_id`, `created_at`) VALUES ('69', '69', '2012-01-30 23:52:29');
INSERT INTO `likes_photos` (`user_id`, `photo_id`, `created_at`) VALUES ('70', '70', '2007-11-11 01:45:58');
INSERT INTO `likes_photos` (`user_id`, `photo_id`, `created_at`) VALUES ('71', '71', '2002-11-05 18:04:20');
INSERT INTO `likes_photos` (`user_id`, `photo_id`, `created_at`) VALUES ('72', '72', '1991-09-15 21:12:29');
INSERT INTO `likes_photos` (`user_id`, `photo_id`, `created_at`) VALUES ('73', '73', '1985-12-12 12:26:23');
INSERT INTO `likes_photos` (`user_id`, `photo_id`, `created_at`) VALUES ('74', '74', '1997-01-20 23:46:11');
INSERT INTO `likes_photos` (`user_id`, `photo_id`, `created_at`) VALUES ('75', '75', '1993-06-25 19:02:35');
INSERT INTO `likes_photos` (`user_id`, `photo_id`, `created_at`) VALUES ('76', '76', '1979-06-04 13:03:57');
INSERT INTO `likes_photos` (`user_id`, `photo_id`, `created_at`) VALUES ('77', '77', '1975-01-12 20:16:43');
INSERT INTO `likes_photos` (`user_id`, `photo_id`, `created_at`) VALUES ('78', '78', '2018-02-21 17:53:13');
INSERT INTO `likes_photos` (`user_id`, `photo_id`, `created_at`) VALUES ('79', '79', '2002-11-05 11:12:02');
INSERT INTO `likes_photos` (`user_id`, `photo_id`, `created_at`) VALUES ('80', '80', '1999-01-07 19:41:37');
INSERT INTO `likes_photos` (`user_id`, `photo_id`, `created_at`) VALUES ('81', '81', '1972-01-10 03:11:48');
INSERT INTO `likes_photos` (`user_id`, `photo_id`, `created_at`) VALUES ('82', '82', '1987-08-07 06:40:58');
INSERT INTO `likes_photos` (`user_id`, `photo_id`, `created_at`) VALUES ('83', '83', '1992-03-29 22:41:55');
INSERT INTO `likes_photos` (`user_id`, `photo_id`, `created_at`) VALUES ('84', '84', '2010-08-16 05:34:04');
INSERT INTO `likes_photos` (`user_id`, `photo_id`, `created_at`) VALUES ('85', '85', '1979-07-09 20:22:11');
INSERT INTO `likes_photos` (`user_id`, `photo_id`, `created_at`) VALUES ('86', '86', '2010-06-19 11:33:15');
INSERT INTO `likes_photos` (`user_id`, `photo_id`, `created_at`) VALUES ('87', '87', '2013-06-05 02:03:12');
INSERT INTO `likes_photos` (`user_id`, `photo_id`, `created_at`) VALUES ('88', '88', '2012-03-18 00:05:11');
INSERT INTO `likes_photos` (`user_id`, `photo_id`, `created_at`) VALUES ('89', '89', '2001-02-12 21:03:13');
INSERT INTO `likes_photos` (`user_id`, `photo_id`, `created_at`) VALUES ('90', '90', '1988-09-24 21:09:41');
INSERT INTO `likes_photos` (`user_id`, `photo_id`, `created_at`) VALUES ('91', '91', '2018-05-24 14:07:19');
INSERT INTO `likes_photos` (`user_id`, `photo_id`, `created_at`) VALUES ('92', '92', '2005-10-15 00:26:40');
INSERT INTO `likes_photos` (`user_id`, `photo_id`, `created_at`) VALUES ('93', '93', '2012-03-12 11:14:15');
INSERT INTO `likes_photos` (`user_id`, `photo_id`, `created_at`) VALUES ('94', '94', '1978-12-03 04:34:03');
INSERT INTO `likes_photos` (`user_id`, `photo_id`, `created_at`) VALUES ('95', '95', '2013-04-02 06:04:16');
INSERT INTO `likes_photos` (`user_id`, `photo_id`, `created_at`) VALUES ('96', '96', '1974-12-09 13:00:37');
INSERT INTO `likes_photos` (`user_id`, `photo_id`, `created_at`) VALUES ('97', '97', '1988-12-20 19:22:07');
INSERT INTO `likes_photos` (`user_id`, `photo_id`, `created_at`) VALUES ('98', '98', '2010-12-13 03:50:33');
INSERT INTO `likes_photos` (`user_id`, `photo_id`, `created_at`) VALUES ('99', '99', '1985-06-22 07:44:05');
INSERT INTO `likes_photos` (`user_id`, `photo_id`, `created_at`) VALUES ('100', '100', '2018-07-07 12:35:08');


#
# TABLE STRUCTURE FOR: likes_users
#

DROP TABLE IF EXISTS `likes_users`;

CREATE TABLE `likes_users` (
  `user_liked_id` bigint(20) unsigned NOT NULL,
  `user_gotlike_id` bigint(20) unsigned NOT NULL,
  `created_at` datetime DEFAULT current_timestamp(),
  PRIMARY KEY (`user_liked_id`,`user_gotlike_id`),
  KEY `user_gotlike_id` (`user_gotlike_id`),
  CONSTRAINT `likes_users_ibfk_1` FOREIGN KEY (`user_liked_id`) REFERENCES `users` (`id`),
  CONSTRAINT `likes_users_ibfk_2` FOREIGN KEY (`user_gotlike_id`) REFERENCES `users` (`id`)
) ENGINE=InnoDB DEFAULT CHARSET=utf8 COLLATE=utf8_unicode_ci;

INSERT INTO `likes_users` (`user_liked_id`, `user_gotlike_id`, `created_at`) VALUES ('1', '1', '1993-04-16 05:33:24');
INSERT INTO `likes_users` (`user_liked_id`, `user_gotlike_id`, `created_at`) VALUES ('2', '2', '2016-02-08 17:59:33');
INSERT INTO `likes_users` (`user_liked_id`, `user_gotlike_id`, `created_at`) VALUES ('3', '3', '1998-04-22 12:17:29');
INSERT INTO `likes_users` (`user_liked_id`, `user_gotlike_id`, `created_at`) VALUES ('4', '4', '2005-06-06 23:22:43');
INSERT INTO `likes_users` (`user_liked_id`, `user_gotlike_id`, `created_at`) VALUES ('5', '5', '1996-03-16 19:58:20');
INSERT INTO `likes_users` (`user_liked_id`, `user_gotlike_id`, `created_at`) VALUES ('6', '6', '1975-08-13 15:07:22');
INSERT INTO `likes_users` (`user_liked_id`, `user_gotlike_id`, `created_at`) VALUES ('7', '7', '2004-04-01 19:31:19');
INSERT INTO `likes_users` (`user_liked_id`, `user_gotlike_id`, `created_at`) VALUES ('8', '8', '1994-02-09 18:45:02');
INSERT INTO `likes_users` (`user_liked_id`, `user_gotlike_id`, `created_at`) VALUES ('9', '9', '1999-07-26 16:31:26');
INSERT INTO `likes_users` (`user_liked_id`, `user_gotlike_id`, `created_at`) VALUES ('10', '10', '2020-01-17 23:54:43');
INSERT INTO `likes_users` (`user_liked_id`, `user_gotlike_id`, `created_at`) VALUES ('11', '11', '2017-01-21 16:24:40');
INSERT INTO `likes_users` (`user_liked_id`, `user_gotlike_id`, `created_at`) VALUES ('12', '12', '1986-08-13 04:56:50');
INSERT INTO `likes_users` (`user_liked_id`, `user_gotlike_id`, `created_at`) VALUES ('13', '13', '2001-02-04 02:57:54');
INSERT INTO `likes_users` (`user_liked_id`, `user_gotlike_id`, `created_at`) VALUES ('14', '14', '2003-09-05 16:26:45');
INSERT INTO `likes_users` (`user_liked_id`, `user_gotlike_id`, `created_at`) VALUES ('15', '15', '1970-03-18 09:05:27');
INSERT INTO `likes_users` (`user_liked_id`, `user_gotlike_id`, `created_at`) VALUES ('16', '16', '2012-05-19 15:19:44');
INSERT INTO `likes_users` (`user_liked_id`, `user_gotlike_id`, `created_at`) VALUES ('17', '17', '2010-06-08 03:45:20');
INSERT INTO `likes_users` (`user_liked_id`, `user_gotlike_id`, `created_at`) VALUES ('18', '18', '1988-12-29 23:36:47');
INSERT INTO `likes_users` (`user_liked_id`, `user_gotlike_id`, `created_at`) VALUES ('19', '19', '1980-01-10 01:32:37');
INSERT INTO `likes_users` (`user_liked_id`, `user_gotlike_id`, `created_at`) VALUES ('20', '20', '1980-02-17 01:15:13');
INSERT INTO `likes_users` (`user_liked_id`, `user_gotlike_id`, `created_at`) VALUES ('21', '21', '2018-07-11 20:59:17');
INSERT INTO `likes_users` (`user_liked_id`, `user_gotlike_id`, `created_at`) VALUES ('22', '22', '1983-05-23 14:16:40');
INSERT INTO `likes_users` (`user_liked_id`, `user_gotlike_id`, `created_at`) VALUES ('23', '23', '1987-12-31 13:14:27');
INSERT INTO `likes_users` (`user_liked_id`, `user_gotlike_id`, `created_at`) VALUES ('24', '24', '1993-07-09 03:57:44');
INSERT INTO `likes_users` (`user_liked_id`, `user_gotlike_id`, `created_at`) VALUES ('25', '25', '1992-08-28 18:35:14');
INSERT INTO `likes_users` (`user_liked_id`, `user_gotlike_id`, `created_at`) VALUES ('26', '26', '1976-07-18 09:22:14');
INSERT INTO `likes_users` (`user_liked_id`, `user_gotlike_id`, `created_at`) VALUES ('27', '27', '1970-04-14 12:06:54');
INSERT INTO `likes_users` (`user_liked_id`, `user_gotlike_id`, `created_at`) VALUES ('28', '28', '1973-09-27 00:42:45');
INSERT INTO `likes_users` (`user_liked_id`, `user_gotlike_id`, `created_at`) VALUES ('29', '29', '2001-09-01 03:58:58');
INSERT INTO `likes_users` (`user_liked_id`, `user_gotlike_id`, `created_at`) VALUES ('30', '30', '2015-07-10 12:16:28');
INSERT INTO `likes_users` (`user_liked_id`, `user_gotlike_id`, `created_at`) VALUES ('31', '31', '2000-02-11 02:39:36');
INSERT INTO `likes_users` (`user_liked_id`, `user_gotlike_id`, `created_at`) VALUES ('32', '32', '1988-03-03 07:21:51');
INSERT INTO `likes_users` (`user_liked_id`, `user_gotlike_id`, `created_at`) VALUES ('33', '33', '2012-04-06 00:06:04');
INSERT INTO `likes_users` (`user_liked_id`, `user_gotlike_id`, `created_at`) VALUES ('34', '34', '1994-07-26 11:19:54');
INSERT INTO `likes_users` (`user_liked_id`, `user_gotlike_id`, `created_at`) VALUES ('35', '35', '2018-04-07 19:08:04');
INSERT INTO `likes_users` (`user_liked_id`, `user_gotlike_id`, `created_at`) VALUES ('36', '36', '2012-03-02 21:02:40');
INSERT INTO `likes_users` (`user_liked_id`, `user_gotlike_id`, `created_at`) VALUES ('37', '37', '1997-11-06 16:25:59');
INSERT INTO `likes_users` (`user_liked_id`, `user_gotlike_id`, `created_at`) VALUES ('38', '38', '1994-06-18 11:57:08');
INSERT INTO `likes_users` (`user_liked_id`, `user_gotlike_id`, `created_at`) VALUES ('39', '39', '1998-10-30 01:14:40');
INSERT INTO `likes_users` (`user_liked_id`, `user_gotlike_id`, `created_at`) VALUES ('40', '40', '2009-05-21 13:23:42');
INSERT INTO `likes_users` (`user_liked_id`, `user_gotlike_id`, `created_at`) VALUES ('41', '41', '1986-05-19 08:18:13');
INSERT INTO `likes_users` (`user_liked_id`, `user_gotlike_id`, `created_at`) VALUES ('42', '42', '2017-04-03 17:06:38');
INSERT INTO `likes_users` (`user_liked_id`, `user_gotlike_id`, `created_at`) VALUES ('43', '43', '1992-03-02 11:20:00');
INSERT INTO `likes_users` (`user_liked_id`, `user_gotlike_id`, `created_at`) VALUES ('44', '44', '2001-10-14 00:49:54');
INSERT INTO `likes_users` (`user_liked_id`, `user_gotlike_id`, `created_at`) VALUES ('45', '45', '1973-02-15 23:53:21');
INSERT INTO `likes_users` (`user_liked_id`, `user_gotlike_id`, `created_at`) VALUES ('46', '46', '1993-10-14 19:07:34');
INSERT INTO `likes_users` (`user_liked_id`, `user_gotlike_id`, `created_at`) VALUES ('47', '47', '2001-09-18 09:08:56');
INSERT INTO `likes_users` (`user_liked_id`, `user_gotlike_id`, `created_at`) VALUES ('48', '48', '1980-03-10 00:08:48');
INSERT INTO `likes_users` (`user_liked_id`, `user_gotlike_id`, `created_at`) VALUES ('49', '49', '1989-08-14 08:38:13');
INSERT INTO `likes_users` (`user_liked_id`, `user_gotlike_id`, `created_at`) VALUES ('50', '50', '1987-04-27 13:30:42');
INSERT INTO `likes_users` (`user_liked_id`, `user_gotlike_id`, `created_at`) VALUES ('51', '51', '1987-05-07 06:26:30');
INSERT INTO `likes_users` (`user_liked_id`, `user_gotlike_id`, `created_at`) VALUES ('52', '52', '1995-08-31 18:21:08');
INSERT INTO `likes_users` (`user_liked_id`, `user_gotlike_id`, `created_at`) VALUES ('53', '53', '1972-11-30 02:25:52');
INSERT INTO `likes_users` (`user_liked_id`, `user_gotlike_id`, `created_at`) VALUES ('54', '54', '1980-11-26 07:38:01');
INSERT INTO `likes_users` (`user_liked_id`, `user_gotlike_id`, `created_at`) VALUES ('55', '55', '1981-04-04 05:22:14');
INSERT INTO `likes_users` (`user_liked_id`, `user_gotlike_id`, `created_at`) VALUES ('56', '56', '1973-10-08 12:22:03');
INSERT INTO `likes_users` (`user_liked_id`, `user_gotlike_id`, `created_at`) VALUES ('57', '57', '1983-09-29 18:19:51');
INSERT INTO `likes_users` (`user_liked_id`, `user_gotlike_id`, `created_at`) VALUES ('58', '58', '2012-06-02 11:42:07');
INSERT INTO `likes_users` (`user_liked_id`, `user_gotlike_id`, `created_at`) VALUES ('59', '59', '2010-10-02 02:49:36');
INSERT INTO `likes_users` (`user_liked_id`, `user_gotlike_id`, `created_at`) VALUES ('60', '60', '2016-10-24 18:10:53');
INSERT INTO `likes_users` (`user_liked_id`, `user_gotlike_id`, `created_at`) VALUES ('61', '61', '2020-02-16 00:38:16');
INSERT INTO `likes_users` (`user_liked_id`, `user_gotlike_id`, `created_at`) VALUES ('62', '62', '2001-07-21 09:21:26');
INSERT INTO `likes_users` (`user_liked_id`, `user_gotlike_id`, `created_at`) VALUES ('63', '63', '1986-11-24 22:35:29');
INSERT INTO `likes_users` (`user_liked_id`, `user_gotlike_id`, `created_at`) VALUES ('64', '64', '2000-09-10 08:27:41');
INSERT INTO `likes_users` (`user_liked_id`, `user_gotlike_id`, `created_at`) VALUES ('65', '65', '1986-01-12 10:25:59');
INSERT INTO `likes_users` (`user_liked_id`, `user_gotlike_id`, `created_at`) VALUES ('66', '66', '2014-06-12 18:27:18');
INSERT INTO `likes_users` (`user_liked_id`, `user_gotlike_id`, `created_at`) VALUES ('67', '67', '2018-12-18 09:02:01');
INSERT INTO `likes_users` (`user_liked_id`, `user_gotlike_id`, `created_at`) VALUES ('68', '68', '2014-05-30 21:13:35');
INSERT INTO `likes_users` (`user_liked_id`, `user_gotlike_id`, `created_at`) VALUES ('69', '69', '2014-10-11 21:18:15');
INSERT INTO `likes_users` (`user_liked_id`, `user_gotlike_id`, `created_at`) VALUES ('70', '70', '1995-02-27 23:37:20');
INSERT INTO `likes_users` (`user_liked_id`, `user_gotlike_id`, `created_at`) VALUES ('71', '71', '1997-06-15 19:54:40');
INSERT INTO `likes_users` (`user_liked_id`, `user_gotlike_id`, `created_at`) VALUES ('72', '72', '2006-03-05 23:10:11');
INSERT INTO `likes_users` (`user_liked_id`, `user_gotlike_id`, `created_at`) VALUES ('73', '73', '1999-03-13 04:58:57');
INSERT INTO `likes_users` (`user_liked_id`, `user_gotlike_id`, `created_at`) VALUES ('74', '74', '2017-06-25 04:07:28');
INSERT INTO `likes_users` (`user_liked_id`, `user_gotlike_id`, `created_at`) VALUES ('75', '75', '1994-08-09 11:55:48');
INSERT INTO `likes_users` (`user_liked_id`, `user_gotlike_id`, `created_at`) VALUES ('76', '76', '1973-12-23 20:47:35');
INSERT INTO `likes_users` (`user_liked_id`, `user_gotlike_id`, `created_at`) VALUES ('77', '77', '2001-07-21 08:25:10');
INSERT INTO `likes_users` (`user_liked_id`, `user_gotlike_id`, `created_at`) VALUES ('78', '78', '2012-12-06 12:02:24');
INSERT INTO `likes_users` (`user_liked_id`, `user_gotlike_id`, `created_at`) VALUES ('79', '79', '1981-08-17 11:25:49');
INSERT INTO `likes_users` (`user_liked_id`, `user_gotlike_id`, `created_at`) VALUES ('80', '80', '2006-03-08 01:07:16');
INSERT INTO `likes_users` (`user_liked_id`, `user_gotlike_id`, `created_at`) VALUES ('81', '81', '1979-06-14 05:12:39');
INSERT INTO `likes_users` (`user_liked_id`, `user_gotlike_id`, `created_at`) VALUES ('82', '82', '1985-03-13 06:17:28');
INSERT INTO `likes_users` (`user_liked_id`, `user_gotlike_id`, `created_at`) VALUES ('83', '83', '1986-07-09 19:16:48');
INSERT INTO `likes_users` (`user_liked_id`, `user_gotlike_id`, `created_at`) VALUES ('84', '84', '2009-02-18 01:09:33');
INSERT INTO `likes_users` (`user_liked_id`, `user_gotlike_id`, `created_at`) VALUES ('85', '85', '1997-10-27 02:05:58');
INSERT INTO `likes_users` (`user_liked_id`, `user_gotlike_id`, `created_at`) VALUES ('86', '86', '1985-12-10 05:01:03');
INSERT INTO `likes_users` (`user_liked_id`, `user_gotlike_id`, `created_at`) VALUES ('87', '87', '1987-12-05 14:36:25');
INSERT INTO `likes_users` (`user_liked_id`, `user_gotlike_id`, `created_at`) VALUES ('88', '88', '1993-08-17 19:43:26');
INSERT INTO `likes_users` (`user_liked_id`, `user_gotlike_id`, `created_at`) VALUES ('89', '89', '1986-06-11 06:33:43');
INSERT INTO `likes_users` (`user_liked_id`, `user_gotlike_id`, `created_at`) VALUES ('90', '90', '1976-07-11 13:13:26');
INSERT INTO `likes_users` (`user_liked_id`, `user_gotlike_id`, `created_at`) VALUES ('91', '91', '1979-03-17 18:10:01');
INSERT INTO `likes_users` (`user_liked_id`, `user_gotlike_id`, `created_at`) VALUES ('92', '92', '1971-09-24 17:07:23');
INSERT INTO `likes_users` (`user_liked_id`, `user_gotlike_id`, `created_at`) VALUES ('93', '93', '1989-09-17 15:28:22');
INSERT INTO `likes_users` (`user_liked_id`, `user_gotlike_id`, `created_at`) VALUES ('94', '94', '1977-05-30 13:11:15');
INSERT INTO `likes_users` (`user_liked_id`, `user_gotlike_id`, `created_at`) VALUES ('95', '95', '2001-12-11 11:58:25');
INSERT INTO `likes_users` (`user_liked_id`, `user_gotlike_id`, `created_at`) VALUES ('96', '96', '1976-04-20 08:41:19');
INSERT INTO `likes_users` (`user_liked_id`, `user_gotlike_id`, `created_at`) VALUES ('97', '97', '1974-06-25 10:31:30');
INSERT INTO `likes_users` (`user_liked_id`, `user_gotlike_id`, `created_at`) VALUES ('98', '98', '2007-08-03 13:04:42');
INSERT INTO `likes_users` (`user_liked_id`, `user_gotlike_id`, `created_at`) VALUES ('99', '99', '2001-06-29 10:41:33');
INSERT INTO `likes_users` (`user_liked_id`, `user_gotlike_id`, `created_at`) VALUES ('100', '100', '1997-07-13 06:03:27');


#
# TABLE STRUCTURE FOR: media
#

DROP TABLE IF EXISTS `media`;

CREATE TABLE `media` (
  `id` bigint(20) unsigned NOT NULL AUTO_INCREMENT,
  `media_type_id` bigint(20) unsigned NOT NULL,
  `user_id` bigint(20) unsigned NOT NULL,
  `body` text COLLATE utf8_unicode_ci DEFAULT NULL,
  `filename` varchar(255) COLLATE utf8_unicode_ci DEFAULT NULL,
  `size` int(11) DEFAULT NULL,
  `metadata` longtext CHARACTER SET utf8mb4 COLLATE utf8mb4_bin DEFAULT NULL,
  `created_at` datetime DEFAULT current_timestamp(),
  `updated_at` datetime DEFAULT current_timestamp() ON UPDATE current_timestamp(),
  PRIMARY KEY (`id`),
  KEY `user_id` (`user_id`),
  KEY `media_type_id` (`media_type_id`),
  CONSTRAINT `media_ibfk_1` FOREIGN KEY (`user_id`) REFERENCES `users` (`id`),
  CONSTRAINT `media_ibfk_2` FOREIGN KEY (`media_type_id`) REFERENCES `media_types` (`id`)
) ENGINE=InnoDB AUTO_INCREMENT=101 DEFAULT CHARSET=utf8 COLLATE=utf8_unicode_ci;

INSERT INTO `media` (`id`, `media_type_id`, `user_id`, `body`, `filename`, `size`, `metadata`, `created_at`, `updated_at`) VALUES ('1', '1', '1', 'Mollitia voluptatibus necessitatibus sed aut. Eos sit qui ea voluptatem aut. Repellat voluptas est a est totam sed et eligendi.', 'error', 247767013, 'ccda', '1996-07-29 16:32:33', '2001-08-25 02:35:04');
INSERT INTO `media` (`id`, `media_type_id`, `user_id`, `body`, `filename`, `size`, `metadata`, `created_at`, `updated_at`) VALUES ('2', '2', '2', 'Harum animi quae nostrum dolor dicta voluptatem sit et. Numquam eos autem sit vel quis qui. Nihil ea animi illo non repellat.', 'et', 57427, 'hfqf', '2000-09-27 07:59:00', '2013-12-31 07:00:35');
INSERT INTO `media` (`id`, `media_type_id`, `user_id`, `body`, `filename`, `size`, `metadata`, `created_at`, `updated_at`) VALUES ('3', '3', '3', 'Alias saepe voluptatum dicta rerum recusandae delectus. Provident eos suscipit nemo aliquam in. Iusto accusamus neque dignissimos dolores. Ipsum commodi quo rerum dignissimos.', 'itaque', 970, 'wpug', '1990-12-15 17:37:53', '2007-04-07 21:23:02');
INSERT INTO `media` (`id`, `media_type_id`, `user_id`, `body`, `filename`, `size`, `metadata`, `created_at`, `updated_at`) VALUES ('4', '4', '4', 'Accusamus dolor nesciunt recusandae molestiae aut quo qui pariatur. Officia blanditiis enim quae ullam. Doloribus dolorem hic aut autem nam qui ut. Eaque laborum totam nostrum ipsum.', 'natus', 10, 'enht', '2013-07-08 12:35:27', '2012-09-27 16:12:15');
INSERT INTO `media` (`id`, `media_type_id`, `user_id`, `body`, `filename`, `size`, `metadata`, `created_at`, `updated_at`) VALUES ('5', '5', '5', 'Autem provident ducimus enim quas. Dolore deserunt est aut nesciunt. Enim numquam sed optio quia corporis libero et corrupti.', 'voluptatem', 306, 'czpf', '1994-09-25 01:23:55', '1978-04-30 05:29:30');
INSERT INTO `media` (`id`, `media_type_id`, `user_id`, `body`, `filename`, `size`, `metadata`, `created_at`, `updated_at`) VALUES ('6', '6', '6', 'Ea amet voluptates a quia repellendus totam. Dicta voluptates laborum quis rerum dolores est. Suscipit dolores eaque asperiores est quia. Provident blanditiis molestiae possimus velit enim quia consequatur earum.', 'nostrum', 363832272, 'hnmk', '2005-01-12 07:03:29', '1988-09-03 19:16:59');
INSERT INTO `media` (`id`, `media_type_id`, `user_id`, `body`, `filename`, `size`, `metadata`, `created_at`, `updated_at`) VALUES ('7', '7', '7', 'Id dolor non aut et magni expedita. Debitis consequuntur temporibus porro quam ut ex consequuntur. Modi est iure iusto eum iure quis quos quidem. Harum qui et ad nostrum amet corrupti nihil pariatur.', 'et', 499, 'bakr', '1985-09-08 03:04:14', '1970-02-11 04:14:25');
INSERT INTO `media` (`id`, `media_type_id`, `user_id`, `body`, `filename`, `size`, `metadata`, `created_at`, `updated_at`) VALUES ('8', '8', '8', 'Ab non eius alias ex in at quis nihil. Maiores iure rerum rerum non fugit molestiae neque. Accusamus iusto assumenda sit ad aut quia. Error maxime amet et qui possimus commodi eius.', 'amet', 88, 'ifzp', '1970-08-18 02:05:20', '1989-08-11 14:49:09');
INSERT INTO `media` (`id`, `media_type_id`, `user_id`, `body`, `filename`, `size`, `metadata`, `created_at`, `updated_at`) VALUES ('9', '9', '9', 'Impedit in aspernatur officia nihil et. Aut quis autem similique facilis suscipit voluptatem. Amet quia blanditiis veniam adipisci est eum alias.', 'perspiciatis', 692310, 'tcxs', '1977-10-18 12:40:13', '1987-02-16 16:37:26');
INSERT INTO `media` (`id`, `media_type_id`, `user_id`, `body`, `filename`, `size`, `metadata`, `created_at`, `updated_at`) VALUES ('10', '10', '10', 'Quidem error placeat vel dolor tempora reprehenderit. Eius incidunt soluta et. Voluptatem velit ut sint consequuntur. Repudiandae recusandae harum consectetur dolorum minima accusantium dolore.', 'magnam', 10089545, 'gdcr', '1996-12-09 19:11:27', '1993-03-26 12:02:03');
INSERT INTO `media` (`id`, `media_type_id`, `user_id`, `body`, `filename`, `size`, `metadata`, `created_at`, `updated_at`) VALUES ('11', '11', '11', 'Aut ullam illum doloremque esse magnam placeat. Ratione sint aut ratione necessitatibus autem qui. Minus dolores fugit saepe dicta perferendis in ipsam perspiciatis. Explicabo omnis doloremque deleniti sunt non enim nam.', 'omnis', 9126162, 'dlkb', '2015-01-14 23:52:10', '2006-02-03 06:46:55');
INSERT INTO `media` (`id`, `media_type_id`, `user_id`, `body`, `filename`, `size`, `metadata`, `created_at`, `updated_at`) VALUES ('12', '12', '12', 'Distinctio officia iusto est praesentium nisi blanditiis. Autem voluptatem quia omnis. Reiciendis perspiciatis nam aliquid. Laudantium ducimus velit fugit quae quam ipsa.', 'eligendi', 0, 'ebkz', '1988-09-28 15:38:47', '2009-02-23 01:58:38');
INSERT INTO `media` (`id`, `media_type_id`, `user_id`, `body`, `filename`, `size`, `metadata`, `created_at`, `updated_at`) VALUES ('13', '13', '13', 'Placeat qui molestias et libero quisquam dolorum. Non aut amet occaecati. Expedita aut non omnis qui quo.', 'reiciendis', 2331904, 'jpko', '2002-05-18 08:47:40', '2005-10-28 12:56:09');
INSERT INTO `media` (`id`, `media_type_id`, `user_id`, `body`, `filename`, `size`, `metadata`, `created_at`, `updated_at`) VALUES ('14', '14', '14', 'Est cum ea dolore voluptatibus. Reprehenderit dolores maxime in vel non explicabo tempora corrupti. Earum odio impedit molestias.', 'quos', 0, 'omks', '1972-06-01 10:50:28', '2014-04-25 20:18:54');
INSERT INTO `media` (`id`, `media_type_id`, `user_id`, `body`, `filename`, `size`, `metadata`, `created_at`, `updated_at`) VALUES ('15', '15', '15', 'Praesentium est qui et. Voluptates aut maiores omnis repellendus. Autem quo consequatur eum velit pariatur. Autem optio perspiciatis magnam dolor.', 'nemo', 8713, 'nipf', '1973-12-03 03:24:27', '2001-11-02 01:46:23');
INSERT INTO `media` (`id`, `media_type_id`, `user_id`, `body`, `filename`, `size`, `metadata`, `created_at`, `updated_at`) VALUES ('16', '16', '16', 'Ex ut fuga inventore corporis voluptatem ab fugit quod. Eum optio quae illum ratione dignissimos blanditiis asperiores molestiae. Quam quis molestias ut est tempore inventore qui.', 'dignissimos', 0, 'xbap', '2006-11-17 00:24:02', '2013-01-17 10:46:37');
INSERT INTO `media` (`id`, `media_type_id`, `user_id`, `body`, `filename`, `size`, `metadata`, `created_at`, `updated_at`) VALUES ('17', '17', '17', 'Perspiciatis et porro quas ullam. Minima molestiae blanditiis voluptas omnis perspiciatis eum harum. Consequatur dolores exercitationem dicta deleniti magnam. Non vel velit voluptatem porro qui molestiae.', 'et', 81730, 'evka', '1974-05-06 22:07:28', '1974-11-26 03:54:01');
INSERT INTO `media` (`id`, `media_type_id`, `user_id`, `body`, `filename`, `size`, `metadata`, `created_at`, `updated_at`) VALUES ('18', '18', '18', 'Dolore voluptatem enim fugit voluptas nihil et consequatur. Saepe unde odio optio. Consequatur hic aut facilis dolor et dolor vel in. Labore nesciunt qui qui dignissimos. Repellendus mollitia veniam necessitatibus labore perspiciatis.', 'id', 26, 'rgki', '2003-04-22 00:40:39', '1994-07-28 20:56:19');
INSERT INTO `media` (`id`, `media_type_id`, `user_id`, `body`, `filename`, `size`, `metadata`, `created_at`, `updated_at`) VALUES ('19', '19', '19', 'Incidunt quisquam est corporis hic aut. Numquam error laboriosam delectus. A doloremque assumenda praesentium quia. Nesciunt alias eos eum illo neque quibusdam quia.', 'aut', 409444258, 'fhln', '1979-06-17 05:46:36', '2003-10-06 22:01:08');
INSERT INTO `media` (`id`, `media_type_id`, `user_id`, `body`, `filename`, `size`, `metadata`, `created_at`, `updated_at`) VALUES ('20', '20', '20', 'Rerum mollitia id hic. Omnis non qui vitae sed fugiat dolores. Vitae aliquam libero fuga voluptatem qui id corrupti. Assumenda voluptate similique qui et modi qui porro voluptates.', 'rem', 0, 'sgqx', '1987-06-10 06:26:15', '2001-10-03 06:07:12');
INSERT INTO `media` (`id`, `media_type_id`, `user_id`, `body`, `filename`, `size`, `metadata`, `created_at`, `updated_at`) VALUES ('21', '21', '21', 'Quia quis perspiciatis consequatur sed recusandae. Voluptatem inventore porro ut dolor est. Ducimus labore saepe blanditiis ipsam est fugit nulla enim.', 'omnis', 359, 'tuvz', '1971-01-20 15:31:25', '1988-04-27 14:35:40');
INSERT INTO `media` (`id`, `media_type_id`, `user_id`, `body`, `filename`, `size`, `metadata`, `created_at`, `updated_at`) VALUES ('22', '22', '22', 'Et deserunt beatae voluptatem voluptatum iusto voluptatibus. Iure eos laborum minus dolorum. Autem quidem id impedit quas.', 'necessitatibus', 15, 'uvtj', '2002-08-08 20:29:19', '2015-02-17 00:09:48');
INSERT INTO `media` (`id`, `media_type_id`, `user_id`, `body`, `filename`, `size`, `metadata`, `created_at`, `updated_at`) VALUES ('23', '23', '23', 'Nobis ullam dolores eos minima sed dolorum non consequatur. Aliquam neque minus vero modi. Esse at iste sint ipsam rerum et. Ipsum id qui itaque voluptatum laborum occaecati. Rerum tenetur reprehenderit fuga iure minima.', 'qui', 2, 'kcfi', '1994-08-16 12:12:41', '1985-03-14 02:05:06');
INSERT INTO `media` (`id`, `media_type_id`, `user_id`, `body`, `filename`, `size`, `metadata`, `created_at`, `updated_at`) VALUES ('24', '24', '24', 'Aut totam ipsam consequatur aut libero cupiditate voluptas ducimus. Nulla rem amet optio accusamus. Eum nesciunt blanditiis sit voluptatem.', 'laboriosam', 60, 'wdpl', '2002-02-17 11:16:18', '2017-10-12 07:12:51');
INSERT INTO `media` (`id`, `media_type_id`, `user_id`, `body`, `filename`, `size`, `metadata`, `created_at`, `updated_at`) VALUES ('25', '25', '25', 'At illo suscipit officiis in dolorum ipsum. Vitae sed debitis et id fugiat ratione est. Suscipit exercitationem quos doloribus harum. Saepe voluptatem labore numquam. Sed laudantium doloribus voluptates quaerat.', 'vero', 89534, 'wgkq', '1998-10-23 17:34:20', '1999-11-08 22:02:37');
INSERT INTO `media` (`id`, `media_type_id`, `user_id`, `body`, `filename`, `size`, `metadata`, `created_at`, `updated_at`) VALUES ('26', '26', '26', 'Numquam explicabo quis quaerat magnam velit saepe. Esse aut deleniti aut deserunt facilis adipisci qui. Nisi quisquam aut eaque sed sit. Odit modi autem est praesentium illum fuga.', 'sunt', 0, 'xupz', '2012-11-15 01:47:54', '2017-01-14 11:50:40');
INSERT INTO `media` (`id`, `media_type_id`, `user_id`, `body`, `filename`, `size`, `metadata`, `created_at`, `updated_at`) VALUES ('27', '27', '27', 'Officia beatae sint culpa dolorem natus ducimus et. Eaque itaque ratione optio tempora. Ullam est nostrum praesentium dolorem ipsa.', 'minima', 2537, 'fsvq', '2008-09-24 12:14:38', '1998-05-08 17:30:35');
INSERT INTO `media` (`id`, `media_type_id`, `user_id`, `body`, `filename`, `size`, `metadata`, `created_at`, `updated_at`) VALUES ('28', '28', '28', 'Corporis quam culpa aut voluptas voluptas optio exercitationem et. Ipsam rerum fugiat quos sit. Ratione perferendis impedit aut distinctio illum tenetur illum porro.', 'et', 7782, 'nxti', '1975-02-11 02:12:59', '1975-02-04 11:41:41');
INSERT INTO `media` (`id`, `media_type_id`, `user_id`, `body`, `filename`, `size`, `metadata`, `created_at`, `updated_at`) VALUES ('29', '29', '29', 'Et occaecati rerum voluptate unde in voluptatibus consequatur atque. Veniam quasi qui tempora voluptate. Repellat quibusdam asperiores sint rerum similique.', 'possimus', 1, 'fecv', '2004-09-21 17:18:25', '1983-08-14 04:35:08');
INSERT INTO `media` (`id`, `media_type_id`, `user_id`, `body`, `filename`, `size`, `metadata`, `created_at`, `updated_at`) VALUES ('30', '30', '30', 'Quia dolores quo molestiae. Vitae quam aliquid aliquam id. Culpa et consequatur ut culpa.', 'eum', 8, 'vtdn', '1991-03-23 09:22:16', '1999-12-13 17:05:49');
INSERT INTO `media` (`id`, `media_type_id`, `user_id`, `body`, `filename`, `size`, `metadata`, `created_at`, `updated_at`) VALUES ('31', '31', '31', 'Et et sit omnis qui id. Unde nihil iusto nesciunt maxime. Quia quis asperiores voluptatem commodi est. Aspernatur aut debitis placeat praesentium sed non. Aut impedit excepturi ea quos totam vero corrupti.', 'natus', 937, 'ddfa', '2017-10-17 16:53:35', '2006-11-02 12:47:29');
INSERT INTO `media` (`id`, `media_type_id`, `user_id`, `body`, `filename`, `size`, `metadata`, `created_at`, `updated_at`) VALUES ('32', '32', '32', 'Possimus recusandae cupiditate quasi eligendi. Nihil vel corporis consectetur architecto. Non dicta tempora sapiente fugiat voluptates sit. Quis velit est rerum tempore iste.', 'magni', 961102039, 'eatd', '1995-05-05 05:26:49', '2011-03-10 05:10:40');
INSERT INTO `media` (`id`, `media_type_id`, `user_id`, `body`, `filename`, `size`, `metadata`, `created_at`, `updated_at`) VALUES ('33', '33', '33', 'Qui qui adipisci eaque explicabo quo. Itaque inventore consequatur vel maxime. Laborum perspiciatis et sit.', 'dicta', 58, 'smlk', '2016-10-26 22:06:43', '2013-11-16 17:36:12');
INSERT INTO `media` (`id`, `media_type_id`, `user_id`, `body`, `filename`, `size`, `metadata`, `created_at`, `updated_at`) VALUES ('34', '34', '34', 'Ipsum maxime tempora voluptatem facilis. Quia quae tenetur accusantium architecto quia corrupti dolore. Qui nihil neque quasi.', 'itaque', 0, 'wgoi', '1986-05-17 14:58:21', '1980-07-05 11:29:01');
INSERT INTO `media` (`id`, `media_type_id`, `user_id`, `body`, `filename`, `size`, `metadata`, `created_at`, `updated_at`) VALUES ('35', '35', '35', 'Fugiat sed qui earum error dolore. Quos consequatur repellat vero est eos ea. Sint explicabo illum et. Doloremque impedit dolorem accusantium sed dolores inventore corrupti.', 'alias', 14631, 'gfif', '1973-09-22 22:24:14', '2014-02-23 06:14:59');
INSERT INTO `media` (`id`, `media_type_id`, `user_id`, `body`, `filename`, `size`, `metadata`, `created_at`, `updated_at`) VALUES ('36', '36', '36', 'Beatae ratione rem qui eaque provident hic. Possimus labore vitae non ut quia quo voluptas. Sit voluptatem et odio autem fugit et sint.', 'quia', 9953, 'ysls', '1973-08-03 01:23:59', '1991-12-17 17:44:27');
INSERT INTO `media` (`id`, `media_type_id`, `user_id`, `body`, `filename`, `size`, `metadata`, `created_at`, `updated_at`) VALUES ('37', '37', '37', 'Quis qui saepe reiciendis voluptas omnis aperiam. Odit facilis tenetur mollitia tempore hic necessitatibus eveniet. Ut tenetur ad et non dolores.', 'quidem', 169076885, 'wupm', '1995-01-24 11:23:01', '2006-09-06 00:43:30');
INSERT INTO `media` (`id`, `media_type_id`, `user_id`, `body`, `filename`, `size`, `metadata`, `created_at`, `updated_at`) VALUES ('38', '38', '38', 'Quis pariatur nihil et esse. Vel omnis accusantium optio. Illum et itaque ex vel non quia.', 'dolorem', 6563, 'mygh', '1990-10-31 20:19:53', '2003-04-22 07:13:18');
INSERT INTO `media` (`id`, `media_type_id`, `user_id`, `body`, `filename`, `size`, `metadata`, `created_at`, `updated_at`) VALUES ('39', '39', '39', 'Velit praesentium at libero deserunt ducimus commodi corrupti. Id dolores facilis molestiae earum. Deserunt nostrum voluptatem ad id error quod. Sit autem at illo ut commodi. Excepturi dolores deserunt corporis est neque autem nulla.', 'qui', 8475, 'lfdc', '2001-03-20 07:20:27', '1978-10-26 15:38:53');
INSERT INTO `media` (`id`, `media_type_id`, `user_id`, `body`, `filename`, `size`, `metadata`, `created_at`, `updated_at`) VALUES ('40', '40', '40', 'Qui quam est voluptatem quis nulla. Temporibus ipsa id magni omnis deserunt deserunt. Quisquam cum omnis et dolorum ut fuga. Velit veniam molestias molestias.', 'at', 9, 'gcqz', '1999-01-20 17:25:45', '1979-11-17 08:13:13');
INSERT INTO `media` (`id`, `media_type_id`, `user_id`, `body`, `filename`, `size`, `metadata`, `created_at`, `updated_at`) VALUES ('41', '41', '41', 'Dicta qui illum numquam doloribus. Hic ullam molestias iure quasi. Fugit animi dolorem quia dolores doloribus.', 'et', 197593690, 'roqr', '1989-04-09 17:18:39', '2005-08-09 19:56:47');
INSERT INTO `media` (`id`, `media_type_id`, `user_id`, `body`, `filename`, `size`, `metadata`, `created_at`, `updated_at`) VALUES ('42', '42', '42', 'Et quis rerum fugit. Laborum recusandae blanditiis dignissimos ducimus est veritatis non. Et maiores dolor hic. Enim omnis laborum sit delectus odio officiis.', 'et', 7364560, 'lico', '2016-03-28 06:55:35', '1981-11-26 12:03:49');
INSERT INTO `media` (`id`, `media_type_id`, `user_id`, `body`, `filename`, `size`, `metadata`, `created_at`, `updated_at`) VALUES ('43', '43', '43', 'Nihil laborum rerum amet eos voluptatem expedita adipisci. Sed molestiae non consectetur mollitia. Odio corrupti consequatur perferendis corrupti quisquam quibusdam.', 'impedit', 196848, 'rsbr', '2018-03-23 09:01:17', '2004-07-16 02:12:30');
INSERT INTO `media` (`id`, `media_type_id`, `user_id`, `body`, `filename`, `size`, `metadata`, `created_at`, `updated_at`) VALUES ('44', '44', '44', 'Quidem qui ullam quia facilis sit aliquam maxime magni. Numquam expedita et quis. Dicta et aliquam nam ullam est fugit ut distinctio. Totam ipsum expedita veritatis beatae magnam ad quidem. Aspernatur distinctio dicta qui magnam provident.', 'assumenda', 3513, 'uxeh', '2012-11-01 16:31:43', '2003-03-16 17:11:02');
INSERT INTO `media` (`id`, `media_type_id`, `user_id`, `body`, `filename`, `size`, `metadata`, `created_at`, `updated_at`) VALUES ('45', '45', '45', 'Omnis quas autem quia fugiat eos. Quia corporis iusto vitae. Ducimus itaque odio et et veritatis voluptatem. Modi ad eos quia quisquam tempora ab.', 'reiciendis', 88105226, 'mlun', '2007-03-27 18:51:49', '2003-07-10 22:23:27');
INSERT INTO `media` (`id`, `media_type_id`, `user_id`, `body`, `filename`, `size`, `metadata`, `created_at`, `updated_at`) VALUES ('46', '46', '46', 'Voluptas neque rerum consectetur cumque. Sunt minus et similique sunt quo id. Tenetur qui voluptate quaerat quia rem quia.', 'et', 0, 'haoe', '2016-09-17 22:45:02', '2018-07-21 12:43:00');
INSERT INTO `media` (`id`, `media_type_id`, `user_id`, `body`, `filename`, `size`, `metadata`, `created_at`, `updated_at`) VALUES ('47', '47', '47', 'Ut ipsum deleniti laudantium non neque commodi. Non qui molestiae et qui consequatur. Esse animi ea quis natus.', 'consequatur', 8353741, 'optn', '1975-12-23 01:20:31', '1974-06-16 04:57:18');
INSERT INTO `media` (`id`, `media_type_id`, `user_id`, `body`, `filename`, `size`, `metadata`, `created_at`, `updated_at`) VALUES ('48', '48', '48', 'Est facilis est vel quas. Sint ea neque quo exercitationem id recusandae officiis quis. Ab rerum labore harum iste fuga.', 'et', 98932936, 'obgd', '1988-09-02 02:14:24', '2015-03-31 15:29:00');
INSERT INTO `media` (`id`, `media_type_id`, `user_id`, `body`, `filename`, `size`, `metadata`, `created_at`, `updated_at`) VALUES ('49', '49', '49', 'Et tenetur ea laboriosam quos accusamus quasi. Dolore dolor nobis dicta nobis. Cum qui earum enim facilis et quo iusto amet.', 'reprehenderit', 0, 'glsh', '2005-12-25 05:10:41', '1987-02-16 21:47:53');
INSERT INTO `media` (`id`, `media_type_id`, `user_id`, `body`, `filename`, `size`, `metadata`, `created_at`, `updated_at`) VALUES ('50', '50', '50', 'Eius delectus officiis dicta sapiente animi est voluptas. Eum accusamus perspiciatis omnis voluptas dolorem debitis qui. Quam ipsam eligendi et quas quisquam. Et rem vel quidem commodi mollitia voluptatum. Quidem itaque libero aut dolor.', 'nesciunt', 925325424, 'yrbl', '2017-10-15 00:51:49', '2019-06-03 07:18:40');
INSERT INTO `media` (`id`, `media_type_id`, `user_id`, `body`, `filename`, `size`, `metadata`, `created_at`, `updated_at`) VALUES ('51', '51', '51', 'Vitae impedit sint ad qui. Modi necessitatibus qui cupiditate magnam rerum.', 'dignissimos', 367004958, 'hbcf', '1975-02-24 18:40:31', '1997-01-03 17:50:56');
INSERT INTO `media` (`id`, `media_type_id`, `user_id`, `body`, `filename`, `size`, `metadata`, `created_at`, `updated_at`) VALUES ('52', '52', '52', 'Animi doloribus porro nesciunt ut ex. Dicta veritatis aut labore perferendis est ut. Ea doloremque ipsum alias tempore. Quae vel ut qui sed perspiciatis.', 'non', 497, 'fewf', '2016-06-27 23:06:18', '1970-05-03 15:00:45');
INSERT INTO `media` (`id`, `media_type_id`, `user_id`, `body`, `filename`, `size`, `metadata`, `created_at`, `updated_at`) VALUES ('53', '53', '53', 'Expedita est perspiciatis iste rerum odit placeat. Soluta aliquid molestiae qui ut. Nesciunt modi quia ipsum porro qui. Ipsam pariatur ut asperiores soluta. Cupiditate deserunt quidem doloremque consectetur rem aut.', 'numquam', 63233490, 'wjoa', '1993-07-04 06:18:20', '2009-03-14 09:54:45');
INSERT INTO `media` (`id`, `media_type_id`, `user_id`, `body`, `filename`, `size`, `metadata`, `created_at`, `updated_at`) VALUES ('54', '54', '54', 'Ut aut blanditiis doloribus optio rerum. Doloribus excepturi expedita et voluptatem repellat et et odit. Voluptatem tempore possimus expedita sed enim. Aut voluptatum ut nihil sint vero quo veritatis sed.', 'animi', 0, 'lcbh', '2014-07-27 17:15:45', '1991-12-14 23:10:14');
INSERT INTO `media` (`id`, `media_type_id`, `user_id`, `body`, `filename`, `size`, `metadata`, `created_at`, `updated_at`) VALUES ('55', '55', '55', 'Veniam id molestiae fugiat temporibus quas modi voluptatem. Cumque et eius officiis eum distinctio occaecati.', 'vel', 4, 'zrjp', '1981-05-16 21:55:05', '1985-09-23 22:29:31');
INSERT INTO `media` (`id`, `media_type_id`, `user_id`, `body`, `filename`, `size`, `metadata`, `created_at`, `updated_at`) VALUES ('56', '56', '56', 'Sed quo ea vitae fugit. Consectetur dolor occaecati et fuga animi. Architecto magnam vel quos sint. Quia consequatur aspernatur necessitatibus quos nesciunt quia.', 'et', 27453024, 'ftvw', '2013-02-11 03:04:34', '2013-10-29 13:43:24');
INSERT INTO `media` (`id`, `media_type_id`, `user_id`, `body`, `filename`, `size`, `metadata`, `created_at`, `updated_at`) VALUES ('57', '57', '57', 'Id quibusdam est ut eveniet neque. Blanditiis id mollitia nulla qui perspiciatis. Nobis esse quod adipisci doloremque temporibus blanditiis quasi. Dolore fugit quisquam nostrum tempora odit et. Ut placeat pariatur dolorum rem nostrum nostrum iste.', 'numquam', 7321457, 'nulw', '2016-09-24 23:10:38', '2012-08-25 10:15:24');
INSERT INTO `media` (`id`, `media_type_id`, `user_id`, `body`, `filename`, `size`, `metadata`, `created_at`, `updated_at`) VALUES ('58', '58', '58', 'Quo perferendis asperiores dignissimos sunt et. Consequuntur commodi expedita voluptas necessitatibus asperiores. Rerum iste unde ipsa voluptatum. Voluptatem ad ullam eius molestiae reprehenderit. Quo animi vero quasi autem ex esse corrupti.', 'quasi', 4120597, 'oggx', '1996-12-30 13:02:17', '1978-02-19 09:56:22');
INSERT INTO `media` (`id`, `media_type_id`, `user_id`, `body`, `filename`, `size`, `metadata`, `created_at`, `updated_at`) VALUES ('59', '59', '59', 'Repellendus delectus sit optio quis assumenda ea tempora. Sequi omnis soluta ipsam ut corrupti sunt. Quibusdam pariatur rerum quod minus. Laborum officia in natus unde architecto ut et. Accusantium rerum unde ut perspiciatis quibusdam.', 'nihil', 0, 'crrx', '1999-05-06 04:47:20', '1989-02-14 20:07:27');
INSERT INTO `media` (`id`, `media_type_id`, `user_id`, `body`, `filename`, `size`, `metadata`, `created_at`, `updated_at`) VALUES ('60', '60', '60', 'Sed repudiandae velit porro. Rerum veritatis cum qui dolor. Dolores vel quo reiciendis molestiae porro aut dolores.', 'maxime', 37, 'qqul', '1992-10-08 20:03:10', '2012-10-12 06:04:09');
INSERT INTO `media` (`id`, `media_type_id`, `user_id`, `body`, `filename`, `size`, `metadata`, `created_at`, `updated_at`) VALUES ('61', '61', '61', 'Expedita reprehenderit eos perferendis omnis. Sit molestiae occaecati qui. Aliquid rem aut quia aut qui voluptas sed ipsum. Sapiente reprehenderit aliquam vel rerum.', 'blanditiis', 0, 'bqid', '1981-07-07 16:00:28', '1988-03-27 10:46:27');
INSERT INTO `media` (`id`, `media_type_id`, `user_id`, `body`, `filename`, `size`, `metadata`, `created_at`, `updated_at`) VALUES ('62', '62', '62', 'Qui occaecati velit est dolor. Laudantium est iure ea sunt. Quisquam adipisci est dolores eius sed quo quia. Ut corporis a explicabo commodi modi. Impedit sit blanditiis dolorem quasi.', 'dicta', 69421, 'yijx', '1987-08-25 08:56:59', '1980-04-22 10:30:37');
INSERT INTO `media` (`id`, `media_type_id`, `user_id`, `body`, `filename`, `size`, `metadata`, `created_at`, `updated_at`) VALUES ('63', '63', '63', 'Provident libero dolor voluptatibus voluptas id fuga. Aspernatur minus fugit consectetur ea sed aut omnis. Repellendus est autem accusantium repellendus aut laborum. Sed esse ipsa et iusto.', 'totam', 451, 'vaxj', '1985-11-02 04:29:11', '1976-02-11 16:33:57');
INSERT INTO `media` (`id`, `media_type_id`, `user_id`, `body`, `filename`, `size`, `metadata`, `created_at`, `updated_at`) VALUES ('64', '64', '64', 'Neque sunt aut unde nulla et. Quo dignissimos veniam doloremque officia aut molestiae iusto. Eveniet asperiores saepe et eaque odit.', 'quo', 96, 'vzhg', '1993-09-30 13:34:42', '1972-10-18 02:20:46');
INSERT INTO `media` (`id`, `media_type_id`, `user_id`, `body`, `filename`, `size`, `metadata`, `created_at`, `updated_at`) VALUES ('65', '65', '65', 'Eaque natus facilis quia. Est ut temporibus iure veritatis omnis sed omnis. Atque cupiditate dicta hic consectetur. Aut numquam accusantium architecto.', 'ducimus', 5, 'fvjl', '1981-04-05 17:15:49', '1996-06-07 09:58:54');
INSERT INTO `media` (`id`, `media_type_id`, `user_id`, `body`, `filename`, `size`, `metadata`, `created_at`, `updated_at`) VALUES ('66', '66', '66', 'Quis officia in distinctio dicta. Sit et cum itaque nulla. Vero dolor voluptatum distinctio. Autem architecto aliquam modi et et et ratione.', 'sit', 5080, 'yeof', '1993-06-21 13:58:12', '1980-04-09 23:36:23');
INSERT INTO `media` (`id`, `media_type_id`, `user_id`, `body`, `filename`, `size`, `metadata`, `created_at`, `updated_at`) VALUES ('67', '67', '67', 'Soluta officia beatae pariatur accusantium commodi. Alias voluptatem quo explicabo et culpa vel.', 'qui', 29816250, 'wtns', '1997-09-07 00:58:46', '2017-09-13 08:22:42');
INSERT INTO `media` (`id`, `media_type_id`, `user_id`, `body`, `filename`, `size`, `metadata`, `created_at`, `updated_at`) VALUES ('68', '68', '68', 'Quo nesciunt fugit impedit odit. Animi pariatur maxime sit. Nemo adipisci beatae aspernatur nobis necessitatibus.', 'velit', 0, 'base', '2005-07-17 19:11:56', '1975-11-13 14:51:07');
INSERT INTO `media` (`id`, `media_type_id`, `user_id`, `body`, `filename`, `size`, `metadata`, `created_at`, `updated_at`) VALUES ('69', '69', '69', 'Quidem mollitia doloribus error hic. Totam totam quo enim est ut aliquam. Ipsam non quos eius qui.', 'odit', 7252, 'lrpz', '2009-11-12 05:19:02', '1971-07-08 20:01:47');
INSERT INTO `media` (`id`, `media_type_id`, `user_id`, `body`, `filename`, `size`, `metadata`, `created_at`, `updated_at`) VALUES ('70', '70', '70', 'Labore voluptatem animi quis et. Accusantium eum dignissimos iste repudiandae cum fugit.', 'est', 6, 'ojws', '2001-02-08 12:00:12', '2002-01-07 17:19:56');
INSERT INTO `media` (`id`, `media_type_id`, `user_id`, `body`, `filename`, `size`, `metadata`, `created_at`, `updated_at`) VALUES ('71', '71', '71', 'Velit eum voluptatem illo quibusdam. Ab est numquam harum minima. Corporis ut aut architecto ducimus.', 'architecto', 93, 'httx', '1981-01-10 09:02:05', '2004-06-14 11:21:01');
INSERT INTO `media` (`id`, `media_type_id`, `user_id`, `body`, `filename`, `size`, `metadata`, `created_at`, `updated_at`) VALUES ('72', '72', '72', 'Neque suscipit ut sapiente a. Quo atque aut fugit dolores numquam. Fugit saepe voluptatibus possimus sunt et eligendi eius.', 'quia', 90, 'ddji', '1989-03-02 19:22:36', '2011-03-14 22:35:21');
INSERT INTO `media` (`id`, `media_type_id`, `user_id`, `body`, `filename`, `size`, `metadata`, `created_at`, `updated_at`) VALUES ('73', '73', '73', 'Earum nisi et sapiente cumque exercitationem accusamus. Voluptas aliquam eum sit aliquam nulla ut eos. Laborum dolore nulla rerum sit facilis est maiores.', 'amet', 25207, 'jgpg', '1986-01-16 17:08:54', '2019-07-06 19:25:13');
INSERT INTO `media` (`id`, `media_type_id`, `user_id`, `body`, `filename`, `size`, `metadata`, `created_at`, `updated_at`) VALUES ('74', '74', '74', 'Reiciendis sequi sit in delectus eum non qui. Ut quas itaque doloremque eveniet explicabo perspiciatis necessitatibus. Perspiciatis id qui magnam magni excepturi eos error. Eius deserunt quo quam quam omnis voluptates sapiente. Dolor qui exercitationem non possimus non qui.', 'sed', 771812387, 'qzrv', '1998-09-09 12:02:58', '1977-04-06 21:32:59');
INSERT INTO `media` (`id`, `media_type_id`, `user_id`, `body`, `filename`, `size`, `metadata`, `created_at`, `updated_at`) VALUES ('75', '75', '75', 'Ullam rerum est architecto omnis. Recusandae quam voluptatum amet repellendus repellendus sit. Est esse modi laboriosam eum.', 'quis', 846525, 'ucbs', '2018-11-20 13:09:19', '2009-04-03 05:13:54');
INSERT INTO `media` (`id`, `media_type_id`, `user_id`, `body`, `filename`, `size`, `metadata`, `created_at`, `updated_at`) VALUES ('76', '76', '76', 'Voluptatem ex consequatur qui beatae harum. Rem neque molestiae et eius quasi voluptas sequi aut. Expedita totam ipsum assumenda harum suscipit.', 'assumenda', 9384, 'eptt', '2009-05-11 22:43:25', '2007-09-19 04:25:14');
INSERT INTO `media` (`id`, `media_type_id`, `user_id`, `body`, `filename`, `size`, `metadata`, `created_at`, `updated_at`) VALUES ('77', '77', '77', 'Ab ut rerum repellendus consequatur pariatur natus. Ex laboriosam aut modi. Et at dolorem placeat ut.', 'facere', 21048, 'zqly', '2010-01-26 13:05:49', '2018-01-01 23:19:45');
INSERT INTO `media` (`id`, `media_type_id`, `user_id`, `body`, `filename`, `size`, `metadata`, `created_at`, `updated_at`) VALUES ('78', '78', '78', 'Qui nihil cum omnis odit accusantium a. Quos ratione impedit suscipit quia iste illum dolorum. Nisi perspiciatis hic esse praesentium blanditiis. Quaerat doloribus totam animi voluptatem et est.', 'laboriosam', 14, 'qbuf', '2015-03-04 07:28:52', '2018-09-09 04:29:24');
INSERT INTO `media` (`id`, `media_type_id`, `user_id`, `body`, `filename`, `size`, `metadata`, `created_at`, `updated_at`) VALUES ('79', '79', '79', 'Aspernatur alias vero vel doloribus hic est. Occaecati deleniti sint natus accusamus. Provident in eius neque voluptatem iure doloremque dolore. Voluptates autem inventore cum.', 'autem', 6950562, 'hvxo', '1992-05-06 09:22:41', '1970-05-25 07:08:40');
INSERT INTO `media` (`id`, `media_type_id`, `user_id`, `body`, `filename`, `size`, `metadata`, `created_at`, `updated_at`) VALUES ('80', '80', '80', 'Ut aut sint occaecati tempora. Sequi consequatur velit ea qui. Ut hic et qui placeat et accusamus non aperiam.', 'et', 308, 'sdvd', '2017-03-08 14:19:30', '2011-03-07 10:25:01');
INSERT INTO `media` (`id`, `media_type_id`, `user_id`, `body`, `filename`, `size`, `metadata`, `created_at`, `updated_at`) VALUES ('81', '81', '81', 'Consequatur animi sit neque. Soluta architecto atque dolorem.', 'doloribus', 641798, 'gcfe', '2014-04-26 23:32:45', '2019-06-05 05:11:57');
INSERT INTO `media` (`id`, `media_type_id`, `user_id`, `body`, `filename`, `size`, `metadata`, `created_at`, `updated_at`) VALUES ('82', '82', '82', 'Sit ut dolores quisquam dolor magni quia. Vel assumenda velit dolore non natus est. Et eos itaque nobis maiores temporibus.', 'cum', 8, 'imxj', '1983-08-01 10:58:33', '2000-06-17 00:22:45');
INSERT INTO `media` (`id`, `media_type_id`, `user_id`, `body`, `filename`, `size`, `metadata`, `created_at`, `updated_at`) VALUES ('83', '83', '83', 'Earum ut numquam ipsam sequi odit eos. Quisquam et inventore suscipit doloribus autem architecto sed. Explicabo omnis maxime explicabo itaque eos ut adipisci. Occaecati repellat similique qui occaecati.', 'omnis', 5967628, 'bceb', '2008-08-08 13:58:04', '1984-03-30 02:01:32');
INSERT INTO `media` (`id`, `media_type_id`, `user_id`, `body`, `filename`, `size`, `metadata`, `created_at`, `updated_at`) VALUES ('84', '84', '84', 'Ut id nisi dolorum iusto. Voluptas hic eaque nihil sunt hic. Odit quisquam aspernatur cupiditate quas odit ad mollitia. Asperiores cumque vitae reprehenderit molestias perspiciatis facilis.', 'ullam', 0, 'lhpi', '2007-08-04 13:57:05', '1997-09-29 10:33:05');
INSERT INTO `media` (`id`, `media_type_id`, `user_id`, `body`, `filename`, `size`, `metadata`, `created_at`, `updated_at`) VALUES ('85', '85', '85', 'In officia cupiditate ut non sed. Omnis non accusantium aut quos tenetur. Et enim illum repudiandae. Quia natus unde unde vel veritatis cum.', 'aut', 7, 'knws', '2009-08-17 13:09:57', '1979-08-04 06:27:30');
INSERT INTO `media` (`id`, `media_type_id`, `user_id`, `body`, `filename`, `size`, `metadata`, `created_at`, `updated_at`) VALUES ('86', '86', '86', 'Minus qui qui veniam hic. Sequi est aut vel aspernatur blanditiis esse ullam ut. Nisi in consectetur cumque explicabo facere.', 'consequatur', 2730, 'jrdv', '1971-03-18 00:07:03', '1992-09-20 12:21:11');
INSERT INTO `media` (`id`, `media_type_id`, `user_id`, `body`, `filename`, `size`, `metadata`, `created_at`, `updated_at`) VALUES ('87', '87', '87', 'Eligendi sed deserunt et libero laudantium aut laudantium ut. Doloremque est animi est delectus sequi ab sed.', 'quia', 38980412, 'sgxi', '1972-05-10 07:15:57', '1978-12-23 12:41:19');
INSERT INTO `media` (`id`, `media_type_id`, `user_id`, `body`, `filename`, `size`, `metadata`, `created_at`, `updated_at`) VALUES ('88', '88', '88', 'Aut explicabo sed inventore voluptatibus alias. Adipisci ut dignissimos natus rerum voluptas officia dolorum eos. Est molestiae et repudiandae iure officiis quia.', 'voluptatem', 448464, 'ksfd', '1997-02-28 02:00:36', '1990-07-30 05:44:24');
INSERT INTO `media` (`id`, `media_type_id`, `user_id`, `body`, `filename`, `size`, `metadata`, `created_at`, `updated_at`) VALUES ('89', '89', '89', 'Rerum tenetur repellendus fuga placeat temporibus ex placeat. Aut quasi numquam nulla dolor. Incidunt accusamus perspiciatis maiores dolorum. Consectetur ut et voluptate.', 'odit', 513, 'tqos', '2019-09-12 22:10:01', '2010-11-06 13:47:28');
INSERT INTO `media` (`id`, `media_type_id`, `user_id`, `body`, `filename`, `size`, `metadata`, `created_at`, `updated_at`) VALUES ('90', '90', '90', 'Autem veritatis ut doloremque accusantium. Nulla adipisci qui et repudiandae. Omnis porro culpa alias atque dolorem.', 'cumque', 53545812, 'xehk', '2012-08-03 17:24:32', '1997-02-03 20:56:35');
INSERT INTO `media` (`id`, `media_type_id`, `user_id`, `body`, `filename`, `size`, `metadata`, `created_at`, `updated_at`) VALUES ('91', '91', '91', 'Repellendus adipisci rem id officiis. Rem cumque facere assumenda atque officia. Quasi perferendis consequuntur blanditiis doloremque quia illo enim. Optio aut modi consequuntur doloremque dolorem.', 'velit', 447339568, 'timw', '2011-03-07 16:32:32', '2016-01-13 07:30:16');
INSERT INTO `media` (`id`, `media_type_id`, `user_id`, `body`, `filename`, `size`, `metadata`, `created_at`, `updated_at`) VALUES ('92', '92', '92', 'Facilis et provident doloremque quia officia. Quas voluptates eligendi sapiente vitae. Cum ex quo autem consequatur recusandae reiciendis facere. Quae eius optio ipsam ab dignissimos labore assumenda.', 'tempore', 3928134, 'iwbp', '1986-05-24 19:12:03', '1993-08-19 07:26:35');
INSERT INTO `media` (`id`, `media_type_id`, `user_id`, `body`, `filename`, `size`, `metadata`, `created_at`, `updated_at`) VALUES ('93', '93', '93', 'Id nisi nemo ea non debitis. Minus vitae et magni optio voluptatibus ullam voluptatibus. Non at voluptates nisi iste sunt et.', 'rerum', 23956, 'cwrk', '1981-03-16 09:15:46', '1983-09-27 16:09:44');
INSERT INTO `media` (`id`, `media_type_id`, `user_id`, `body`, `filename`, `size`, `metadata`, `created_at`, `updated_at`) VALUES ('94', '94', '94', 'Voluptatem quam at vel iusto sit. Officia assumenda et deleniti architecto occaecati. Voluptatem vel rem dolor rem.', 'possimus', 52083966, 'hdsx', '2008-03-26 00:49:25', '2000-09-10 15:41:13');
INSERT INTO `media` (`id`, `media_type_id`, `user_id`, `body`, `filename`, `size`, `metadata`, `created_at`, `updated_at`) VALUES ('95', '95', '95', 'Dolorum assumenda ipsa ut. Vitae fuga animi dignissimos numquam totam eos ea non. Possimus earum tempore dolores consectetur est quidem. Nam nihil reiciendis dolores commodi laboriosam sequi qui omnis.', 'aspernatur', 60591564, 'bpas', '2016-03-22 04:02:24', '1988-05-31 02:19:33');
INSERT INTO `media` (`id`, `media_type_id`, `user_id`, `body`, `filename`, `size`, `metadata`, `created_at`, `updated_at`) VALUES ('96', '96', '96', 'Non perferendis molestias impedit tempore labore repellat occaecati. Quis eos explicabo inventore sed ipsam autem consequuntur. Omnis aliquam impedit quae atque laboriosam.', 'eaque', 79326393, 'hbxk', '1975-02-04 05:43:02', '1983-07-14 08:02:34');
INSERT INTO `media` (`id`, `media_type_id`, `user_id`, `body`, `filename`, `size`, `metadata`, `created_at`, `updated_at`) VALUES ('97', '97', '97', 'Quos ut voluptatibus explicabo explicabo omnis labore excepturi. Vitae totam molestiae nesciunt fugit. Pariatur sit rerum reiciendis sequi. Est dolores aut inventore minima debitis.', 'inventore', 454, 'maum', '1983-01-14 08:29:58', '1987-12-13 13:08:32');
INSERT INTO `media` (`id`, `media_type_id`, `user_id`, `body`, `filename`, `size`, `metadata`, `created_at`, `updated_at`) VALUES ('98', '98', '98', 'Non non rerum et cum deleniti sapiente. Et porro magnam hic sit eos temporibus vel earum. Eum rerum omnis sapiente hic provident a.', 'corporis', 122, 'trpv', '2014-05-06 13:20:26', '1985-10-30 19:56:53');
INSERT INTO `media` (`id`, `media_type_id`, `user_id`, `body`, `filename`, `size`, `metadata`, `created_at`, `updated_at`) VALUES ('99', '99', '99', 'Laboriosam culpa et aperiam ut. Officia sint qui quae in laborum praesentium commodi. Error officia non reprehenderit aut minima vero.', 'iure', 85, 'stay', '2006-02-26 09:25:27', '2007-04-15 14:20:07');
INSERT INTO `media` (`id`, `media_type_id`, `user_id`, `body`, `filename`, `size`, `metadata`, `created_at`, `updated_at`) VALUES ('100', '100', '100', 'Veritatis dolores alias voluptatem est odio voluptas nostrum. Et excepturi corporis quidem. Distinctio laborum ipsum recusandae eum rerum omnis. Quae iusto nihil atque aut. Architecto aliquam doloribus fuga aut est est.', 'et', 1250, 'fhjm', '1988-10-07 12:04:58', '1979-02-09 22:42:31');


#
# TABLE STRUCTURE FOR: media_types
#

DROP TABLE IF EXISTS `media_types`;

CREATE TABLE `media_types` (
  `id` bigint(20) unsigned NOT NULL AUTO_INCREMENT,
  `name` varchar(255) COLLATE utf8_unicode_ci DEFAULT NULL,
  `created_at` datetime DEFAULT current_timestamp(),
  `updated_at` datetime DEFAULT current_timestamp() ON UPDATE current_timestamp(),
  PRIMARY KEY (`id`)
) ENGINE=InnoDB AUTO_INCREMENT=101 DEFAULT CHARSET=utf8 COLLATE=utf8_unicode_ci;

INSERT INTO `media_types` (`id`, `name`, `created_at`, `updated_at`) VALUES ('1', 'deleniti', '1989-04-21 07:13:58', '2017-10-19 23:50:13');
INSERT INTO `media_types` (`id`, `name`, `created_at`, `updated_at`) VALUES ('2', 'dignissimos', '1977-04-15 11:37:56', '1980-09-06 19:49:39');
INSERT INTO `media_types` (`id`, `name`, `created_at`, `updated_at`) VALUES ('3', 'sequi', '2015-06-01 16:12:01', '2003-11-04 10:03:16');
INSERT INTO `media_types` (`id`, `name`, `created_at`, `updated_at`) VALUES ('4', 'culpa', '1992-09-18 22:37:12', '1978-06-11 11:26:25');
INSERT INTO `media_types` (`id`, `name`, `created_at`, `updated_at`) VALUES ('5', 'a', '2014-05-09 23:02:10', '1981-10-30 16:00:31');
INSERT INTO `media_types` (`id`, `name`, `created_at`, `updated_at`) VALUES ('6', 'illo', '1980-03-28 16:47:54', '2019-10-19 15:16:52');
INSERT INTO `media_types` (`id`, `name`, `created_at`, `updated_at`) VALUES ('7', 'ea', '2000-01-30 05:36:56', '1971-10-08 02:08:22');
INSERT INTO `media_types` (`id`, `name`, `created_at`, `updated_at`) VALUES ('8', 'et', '1985-07-09 03:41:55', '1978-10-14 01:49:54');
INSERT INTO `media_types` (`id`, `name`, `created_at`, `updated_at`) VALUES ('9', 'qui', '1982-05-11 10:10:48', '2007-06-16 06:13:15');
INSERT INTO `media_types` (`id`, `name`, `created_at`, `updated_at`) VALUES ('10', 'voluptates', '2017-02-12 11:49:31', '2003-01-04 06:23:32');
INSERT INTO `media_types` (`id`, `name`, `created_at`, `updated_at`) VALUES ('11', 'est', '1981-04-03 05:01:40', '1972-11-25 06:11:55');
INSERT INTO `media_types` (`id`, `name`, `created_at`, `updated_at`) VALUES ('12', 'distinctio', '1990-12-12 04:08:05', '2017-01-27 21:05:18');
INSERT INTO `media_types` (`id`, `name`, `created_at`, `updated_at`) VALUES ('13', 'ea', '2009-03-07 01:03:29', '1983-11-26 11:41:17');
INSERT INTO `media_types` (`id`, `name`, `created_at`, `updated_at`) VALUES ('14', 'dignissimos', '1970-07-25 16:43:15', '1973-03-02 15:02:33');
INSERT INTO `media_types` (`id`, `name`, `created_at`, `updated_at`) VALUES ('15', 'itaque', '1998-06-05 12:37:56', '1973-08-13 11:32:05');
INSERT INTO `media_types` (`id`, `name`, `created_at`, `updated_at`) VALUES ('16', 'quia', '2018-11-28 09:50:55', '1980-07-30 05:04:48');
INSERT INTO `media_types` (`id`, `name`, `created_at`, `updated_at`) VALUES ('17', 'et', '1977-08-11 12:14:46', '1990-12-11 14:43:25');
INSERT INTO `media_types` (`id`, `name`, `created_at`, `updated_at`) VALUES ('18', 'itaque', '2016-07-13 22:16:22', '1987-03-08 15:35:02');
INSERT INTO `media_types` (`id`, `name`, `created_at`, `updated_at`) VALUES ('19', 'similique', '1988-07-21 05:06:10', '1974-03-08 02:02:25');
INSERT INTO `media_types` (`id`, `name`, `created_at`, `updated_at`) VALUES ('20', 'amet', '2003-04-29 12:16:12', '1990-05-16 14:09:55');
INSERT INTO `media_types` (`id`, `name`, `created_at`, `updated_at`) VALUES ('21', 'ex', '2015-12-30 15:52:48', '2014-10-26 11:07:47');
INSERT INTO `media_types` (`id`, `name`, `created_at`, `updated_at`) VALUES ('22', 'vel', '1986-10-31 23:29:04', '1992-07-11 13:40:48');
INSERT INTO `media_types` (`id`, `name`, `created_at`, `updated_at`) VALUES ('23', 'et', '1988-05-31 21:54:59', '1987-01-01 19:02:05');
INSERT INTO `media_types` (`id`, `name`, `created_at`, `updated_at`) VALUES ('24', 'officia', '2005-10-28 08:30:00', '2004-09-01 15:23:58');
INSERT INTO `media_types` (`id`, `name`, `created_at`, `updated_at`) VALUES ('25', 'enim', '2004-04-20 15:59:41', '2014-07-07 21:40:00');
INSERT INTO `media_types` (`id`, `name`, `created_at`, `updated_at`) VALUES ('26', 'alias', '1998-07-24 15:52:23', '1979-02-15 20:04:14');
INSERT INTO `media_types` (`id`, `name`, `created_at`, `updated_at`) VALUES ('27', 'necessitatibus', '1973-08-19 02:16:31', '1975-11-18 18:02:53');
INSERT INTO `media_types` (`id`, `name`, `created_at`, `updated_at`) VALUES ('28', 'sapiente', '1995-12-19 08:32:50', '1971-01-31 08:02:09');
INSERT INTO `media_types` (`id`, `name`, `created_at`, `updated_at`) VALUES ('29', 'deleniti', '2007-07-11 03:28:47', '2013-11-12 08:20:19');
INSERT INTO `media_types` (`id`, `name`, `created_at`, `updated_at`) VALUES ('30', 'quia', '2004-04-05 02:43:54', '2018-09-24 13:18:29');
INSERT INTO `media_types` (`id`, `name`, `created_at`, `updated_at`) VALUES ('31', 'laborum', '2000-11-15 09:16:59', '2000-05-25 03:07:26');
INSERT INTO `media_types` (`id`, `name`, `created_at`, `updated_at`) VALUES ('32', 'sint', '1984-01-24 01:11:58', '2018-04-01 14:58:48');
INSERT INTO `media_types` (`id`, `name`, `created_at`, `updated_at`) VALUES ('33', 'incidunt', '1989-07-25 11:25:33', '1970-11-29 06:29:46');
INSERT INTO `media_types` (`id`, `name`, `created_at`, `updated_at`) VALUES ('34', 'in', '1997-04-28 10:13:27', '1998-08-08 22:40:24');
INSERT INTO `media_types` (`id`, `name`, `created_at`, `updated_at`) VALUES ('35', 'minima', '1998-07-03 00:03:03', '1974-10-11 02:23:24');
INSERT INTO `media_types` (`id`, `name`, `created_at`, `updated_at`) VALUES ('36', 'qui', '1979-03-06 23:14:16', '2017-01-15 00:52:51');
INSERT INTO `media_types` (`id`, `name`, `created_at`, `updated_at`) VALUES ('37', 'et', '2004-09-10 16:22:16', '2014-09-07 22:54:26');
INSERT INTO `media_types` (`id`, `name`, `created_at`, `updated_at`) VALUES ('38', 'veniam', '1995-10-24 14:36:40', '2007-03-05 12:15:55');
INSERT INTO `media_types` (`id`, `name`, `created_at`, `updated_at`) VALUES ('39', 'aut', '1999-03-02 13:23:25', '2011-01-18 03:27:32');
INSERT INTO `media_types` (`id`, `name`, `created_at`, `updated_at`) VALUES ('40', 'omnis', '1979-01-18 23:47:29', '2000-11-21 02:26:28');
INSERT INTO `media_types` (`id`, `name`, `created_at`, `updated_at`) VALUES ('41', 'facilis', '1972-06-03 18:46:59', '2008-05-09 16:15:45');
INSERT INTO `media_types` (`id`, `name`, `created_at`, `updated_at`) VALUES ('42', 'voluptas', '2018-11-16 19:35:18', '2004-02-12 23:21:21');
INSERT INTO `media_types` (`id`, `name`, `created_at`, `updated_at`) VALUES ('43', 'tenetur', '1977-07-24 04:05:36', '1992-03-21 17:03:54');
INSERT INTO `media_types` (`id`, `name`, `created_at`, `updated_at`) VALUES ('44', 'et', '1976-06-17 07:05:12', '2017-09-19 19:54:20');
INSERT INTO `media_types` (`id`, `name`, `created_at`, `updated_at`) VALUES ('45', 'laudantium', '2012-01-25 04:31:52', '2001-04-18 14:58:48');
INSERT INTO `media_types` (`id`, `name`, `created_at`, `updated_at`) VALUES ('46', 'eos', '1998-01-01 22:50:54', '1976-12-07 07:31:56');
INSERT INTO `media_types` (`id`, `name`, `created_at`, `updated_at`) VALUES ('47', 'assumenda', '1997-10-11 01:02:13', '1992-11-11 17:11:54');
INSERT INTO `media_types` (`id`, `name`, `created_at`, `updated_at`) VALUES ('48', 'consectetur', '2000-12-23 20:55:09', '1977-05-23 19:09:05');
INSERT INTO `media_types` (`id`, `name`, `created_at`, `updated_at`) VALUES ('49', 'perferendis', '2001-03-23 01:56:23', '1989-08-19 09:41:34');
INSERT INTO `media_types` (`id`, `name`, `created_at`, `updated_at`) VALUES ('50', 'amet', '1971-10-30 12:44:45', '1996-09-15 03:20:31');
INSERT INTO `media_types` (`id`, `name`, `created_at`, `updated_at`) VALUES ('51', 'adipisci', '2020-01-01 04:09:20', '1982-08-14 18:16:55');
INSERT INTO `media_types` (`id`, `name`, `created_at`, `updated_at`) VALUES ('52', 'ea', '2012-02-06 06:23:01', '1996-08-24 14:44:33');
INSERT INTO `media_types` (`id`, `name`, `created_at`, `updated_at`) VALUES ('53', 'mollitia', '1977-05-07 02:03:38', '1989-03-08 12:02:36');
INSERT INTO `media_types` (`id`, `name`, `created_at`, `updated_at`) VALUES ('54', 'similique', '2002-08-30 09:10:17', '1970-07-09 05:07:12');
INSERT INTO `media_types` (`id`, `name`, `created_at`, `updated_at`) VALUES ('55', 'fuga', '2005-05-23 19:08:59', '1996-06-26 03:32:34');
INSERT INTO `media_types` (`id`, `name`, `created_at`, `updated_at`) VALUES ('56', 'qui', '1974-03-19 07:02:30', '1994-12-02 18:59:37');
INSERT INTO `media_types` (`id`, `name`, `created_at`, `updated_at`) VALUES ('57', 'molestias', '2014-04-15 23:40:38', '1985-04-12 19:02:27');
INSERT INTO `media_types` (`id`, `name`, `created_at`, `updated_at`) VALUES ('58', 'dolores', '2014-03-18 01:49:47', '2012-06-19 22:24:46');
INSERT INTO `media_types` (`id`, `name`, `created_at`, `updated_at`) VALUES ('59', 'et', '1996-11-24 14:53:55', '1980-03-02 13:02:12');
INSERT INTO `media_types` (`id`, `name`, `created_at`, `updated_at`) VALUES ('60', 'sunt', '2014-01-25 10:41:06', '1984-07-12 17:10:15');
INSERT INTO `media_types` (`id`, `name`, `created_at`, `updated_at`) VALUES ('61', 'sequi', '2009-04-21 03:11:07', '1977-09-22 00:58:31');
INSERT INTO `media_types` (`id`, `name`, `created_at`, `updated_at`) VALUES ('62', 'vero', '1982-05-22 00:13:49', '1988-10-29 20:22:17');
INSERT INTO `media_types` (`id`, `name`, `created_at`, `updated_at`) VALUES ('63', 'ut', '2011-02-18 03:46:27', '1997-05-03 02:22:30');
INSERT INTO `media_types` (`id`, `name`, `created_at`, `updated_at`) VALUES ('64', 'quasi', '1979-08-13 02:29:11', '1977-05-12 08:00:26');
INSERT INTO `media_types` (`id`, `name`, `created_at`, `updated_at`) VALUES ('65', 'totam', '1991-05-28 11:43:03', '2014-08-05 14:02:24');
INSERT INTO `media_types` (`id`, `name`, `created_at`, `updated_at`) VALUES ('66', 'labore', '1986-10-23 10:34:59', '1975-03-17 21:13:37');
INSERT INTO `media_types` (`id`, `name`, `created_at`, `updated_at`) VALUES ('67', 'molestiae', '1975-08-27 00:23:25', '1979-09-01 18:58:06');
INSERT INTO `media_types` (`id`, `name`, `created_at`, `updated_at`) VALUES ('68', 'incidunt', '1976-04-03 01:54:01', '2010-06-11 06:13:49');
INSERT INTO `media_types` (`id`, `name`, `created_at`, `updated_at`) VALUES ('69', 'tenetur', '1974-01-23 18:44:03', '1992-11-24 18:38:28');
INSERT INTO `media_types` (`id`, `name`, `created_at`, `updated_at`) VALUES ('70', 'distinctio', '2013-09-24 20:43:08', '2014-09-11 10:08:12');
INSERT INTO `media_types` (`id`, `name`, `created_at`, `updated_at`) VALUES ('71', 'voluptatem', '2004-02-14 16:30:58', '2000-08-18 10:56:56');
INSERT INTO `media_types` (`id`, `name`, `created_at`, `updated_at`) VALUES ('72', 'et', '1971-08-13 08:35:33', '1983-12-12 22:02:50');
INSERT INTO `media_types` (`id`, `name`, `created_at`, `updated_at`) VALUES ('73', 'et', '1981-11-11 20:32:12', '1985-06-21 14:41:10');
INSERT INTO `media_types` (`id`, `name`, `created_at`, `updated_at`) VALUES ('74', 'minima', '1994-12-25 22:29:55', '1990-08-26 09:56:29');
INSERT INTO `media_types` (`id`, `name`, `created_at`, `updated_at`) VALUES ('75', 'perspiciatis', '2004-02-08 02:46:55', '2017-04-17 16:45:53');
INSERT INTO `media_types` (`id`, `name`, `created_at`, `updated_at`) VALUES ('76', 'voluptatem', '1995-02-14 15:30:43', '2011-05-05 07:12:56');
INSERT INTO `media_types` (`id`, `name`, `created_at`, `updated_at`) VALUES ('77', 'at', '1980-01-31 01:56:26', '1999-06-30 05:46:46');
INSERT INTO `media_types` (`id`, `name`, `created_at`, `updated_at`) VALUES ('78', 'repudiandae', '1999-02-19 19:38:49', '1974-12-10 11:48:44');
INSERT INTO `media_types` (`id`, `name`, `created_at`, `updated_at`) VALUES ('79', 'est', '1973-12-29 08:50:32', '2006-01-10 14:16:21');
INSERT INTO `media_types` (`id`, `name`, `created_at`, `updated_at`) VALUES ('80', 'accusamus', '1988-09-24 01:07:08', '2003-07-06 11:19:37');
INSERT INTO `media_types` (`id`, `name`, `created_at`, `updated_at`) VALUES ('81', 'ex', '1980-10-20 17:41:12', '1984-08-11 01:25:54');
INSERT INTO `media_types` (`id`, `name`, `created_at`, `updated_at`) VALUES ('82', 'iure', '2018-01-18 07:37:40', '1980-05-23 22:30:08');
INSERT INTO `media_types` (`id`, `name`, `created_at`, `updated_at`) VALUES ('83', 'dolore', '2015-04-04 07:37:01', '1993-06-25 14:18:08');
INSERT INTO `media_types` (`id`, `name`, `created_at`, `updated_at`) VALUES ('84', 'voluptatem', '1978-02-19 14:56:21', '1996-03-23 17:18:15');
INSERT INTO `media_types` (`id`, `name`, `created_at`, `updated_at`) VALUES ('85', 'molestiae', '1971-12-09 22:28:46', '1990-03-20 17:19:09');
INSERT INTO `media_types` (`id`, `name`, `created_at`, `updated_at`) VALUES ('86', 'sint', '2013-02-17 18:30:53', '2016-08-09 10:36:00');
INSERT INTO `media_types` (`id`, `name`, `created_at`, `updated_at`) VALUES ('87', 'autem', '1974-06-15 07:57:02', '1975-01-18 22:20:43');
INSERT INTO `media_types` (`id`, `name`, `created_at`, `updated_at`) VALUES ('88', 'voluptatum', '2011-11-23 23:14:25', '1982-11-28 02:00:47');
INSERT INTO `media_types` (`id`, `name`, `created_at`, `updated_at`) VALUES ('89', 'sed', '1979-03-07 11:27:21', '2006-04-22 07:19:07');
INSERT INTO `media_types` (`id`, `name`, `created_at`, `updated_at`) VALUES ('90', 'eveniet', '1975-02-26 07:48:17', '1999-08-31 23:51:08');
INSERT INTO `media_types` (`id`, `name`, `created_at`, `updated_at`) VALUES ('91', 'dolor', '1974-08-18 11:50:57', '1970-07-31 08:10:26');
INSERT INTO `media_types` (`id`, `name`, `created_at`, `updated_at`) VALUES ('92', 'deleniti', '2001-06-23 21:11:21', '2001-06-02 23:22:48');
INSERT INTO `media_types` (`id`, `name`, `created_at`, `updated_at`) VALUES ('93', 'voluptate', '1974-06-09 08:21:34', '1997-03-28 01:16:19');
INSERT INTO `media_types` (`id`, `name`, `created_at`, `updated_at`) VALUES ('94', 'enim', '1988-06-11 23:50:48', '1981-03-27 09:41:37');
INSERT INTO `media_types` (`id`, `name`, `created_at`, `updated_at`) VALUES ('95', 'temporibus', '1975-02-13 01:48:09', '2008-08-24 20:41:35');
INSERT INTO `media_types` (`id`, `name`, `created_at`, `updated_at`) VALUES ('96', 'eum', '2018-06-23 15:57:55', '1993-03-16 11:19:45');
INSERT INTO `media_types` (`id`, `name`, `created_at`, `updated_at`) VALUES ('97', 'amet', '1986-11-11 07:35:03', '1977-06-15 16:24:44');
INSERT INTO `media_types` (`id`, `name`, `created_at`, `updated_at`) VALUES ('98', 'veniam', '1972-06-13 22:32:21', '2006-08-26 16:35:55');
INSERT INTO `media_types` (`id`, `name`, `created_at`, `updated_at`) VALUES ('99', 'magni', '2011-04-10 12:20:09', '1981-02-13 22:35:16');
INSERT INTO `media_types` (`id`, `name`, `created_at`, `updated_at`) VALUES ('100', 'deserunt', '1998-06-02 15:30:28', '2007-03-19 17:23:25');


#
# TABLE STRUCTURE FOR: messages
#

DROP TABLE IF EXISTS `messages`;

CREATE TABLE `messages` (
  `id` bigint(20) unsigned NOT NULL AUTO_INCREMENT,
  `from_user_id` bigint(20) unsigned NOT NULL,
  `to_user_id` bigint(20) unsigned NOT NULL,
  `body` text COLLATE utf8_unicode_ci DEFAULT NULL,
  `created_at` datetime DEFAULT current_timestamp(),
  PRIMARY KEY (`id`),
  KEY `messages_from_user_id` (`from_user_id`),
  KEY `messages_to_user_id` (`to_user_id`),
  CONSTRAINT `messages_ibfk_1` FOREIGN KEY (`from_user_id`) REFERENCES `users` (`id`),
  CONSTRAINT `messages_ibfk_2` FOREIGN KEY (`to_user_id`) REFERENCES `users` (`id`)
) ENGINE=InnoDB AUTO_INCREMENT=101 DEFAULT CHARSET=utf8 COLLATE=utf8_unicode_ci;

INSERT INTO `messages` (`id`, `from_user_id`, `to_user_id`, `body`, `created_at`) VALUES ('1', '1', '1', 'Expedita voluptas magnam sequi dolores nostrum esse. Omnis recusandae maxime rem sit. Fugiat reprehenderit enim aliquam asperiores. Aut velit eum illum et tempora quisquam laborum.', '1983-11-12 06:13:49');
INSERT INTO `messages` (`id`, `from_user_id`, `to_user_id`, `body`, `created_at`) VALUES ('2', '2', '2', 'Vero quasi aut molestias accusantium. Aliquam voluptas numquam et sed id earum necessitatibus. Dignissimos veniam qui repudiandae nemo. Dolor qui voluptas doloremque possimus.', '1973-06-18 06:21:14');
INSERT INTO `messages` (`id`, `from_user_id`, `to_user_id`, `body`, `created_at`) VALUES ('3', '3', '3', 'Mollitia aut eos ipsam enim iure ut dolores. Nesciunt dicta reprehenderit sed voluptas velit voluptatem suscipit. Repellendus eum quas facere nihil. Voluptas quia odio voluptatem nemo voluptatem.', '1984-07-20 06:49:46');
INSERT INTO `messages` (`id`, `from_user_id`, `to_user_id`, `body`, `created_at`) VALUES ('4', '4', '4', 'Incidunt neque non laborum hic est molestiae reprehenderit illum. Sint libero sit quasi quod voluptates quae. Aliquid eligendi consequatur iusto magni non aut beatae.', '1981-03-01 23:37:05');
INSERT INTO `messages` (`id`, `from_user_id`, `to_user_id`, `body`, `created_at`) VALUES ('5', '5', '5', 'Sunt sit rerum nostrum qui. Id tempora dolores magni voluptate.', '1982-01-05 13:47:57');
INSERT INTO `messages` (`id`, `from_user_id`, `to_user_id`, `body`, `created_at`) VALUES ('6', '6', '6', 'Eos quaerat similique officia aut minima esse. Doloribus nihil ad ad a ut est enim. Aut explicabo voluptates perferendis voluptatum est totam inventore maxime. Recusandae libero consequatur maxime velit autem rem.', '2007-10-26 02:32:22');
INSERT INTO `messages` (`id`, `from_user_id`, `to_user_id`, `body`, `created_at`) VALUES ('7', '7', '7', 'Voluptatibus dolorum illo ut exercitationem. Quia laboriosam incidunt commodi eveniet. Est et quo nostrum quia odio provident corporis accusantium. Beatae provident dolor pariatur maxime aut et cupiditate.', '2007-09-04 04:55:36');
INSERT INTO `messages` (`id`, `from_user_id`, `to_user_id`, `body`, `created_at`) VALUES ('8', '8', '8', 'Quibusdam et et voluptates fugiat sint. Officiis ullam quos adipisci et quo et occaecati.', '1998-01-18 21:28:10');
INSERT INTO `messages` (`id`, `from_user_id`, `to_user_id`, `body`, `created_at`) VALUES ('9', '9', '9', 'Sequi dolorem enim excepturi est quo iusto consequatur. Et dolorum id autem soluta assumenda dicta. Accusamus sunt aut eligendi. Aut beatae sit voluptate beatae non. Ut eos qui hic sed unde voluptatem.', '1970-01-18 01:45:25');
INSERT INTO `messages` (`id`, `from_user_id`, `to_user_id`, `body`, `created_at`) VALUES ('10', '10', '10', 'Autem nostrum officia officia. Voluptas natus nam sit ut maxime error possimus. Voluptas eum nobis quia reprehenderit.', '2017-07-16 05:11:48');
INSERT INTO `messages` (`id`, `from_user_id`, `to_user_id`, `body`, `created_at`) VALUES ('11', '11', '11', 'Et quam tenetur minima eum officia asperiores rerum. Eum ea possimus ullam pariatur aspernatur qui. Nam enim reprehenderit provident doloribus molestiae et aut. Sit dolores asperiores sint est quaerat et.', '1987-07-11 00:00:29');
INSERT INTO `messages` (`id`, `from_user_id`, `to_user_id`, `body`, `created_at`) VALUES ('12', '12', '12', 'Dolorem et ut omnis eveniet et. Est tempora magnam aut dicta voluptas. Repudiandae recusandae ea illum suscipit enim voluptas ipsam. Quaerat beatae quis voluptatem non sunt. Temporibus dignissimos veniam quia dolorum odit quae adipisci.', '1981-10-07 05:22:09');
INSERT INTO `messages` (`id`, `from_user_id`, `to_user_id`, `body`, `created_at`) VALUES ('13', '13', '13', 'Unde libero et cupiditate perferendis dolorem dolorem beatae. Praesentium reiciendis est voluptas repellendus. Qui doloremque fugit ex sit.', '2000-12-27 10:43:53');
INSERT INTO `messages` (`id`, `from_user_id`, `to_user_id`, `body`, `created_at`) VALUES ('14', '14', '14', 'Aut dolores est asperiores ut natus qui accusantium. Illum molestias ratione vitae autem. Debitis optio molestias illo natus possimus. A dolorem porro facilis consequatur.', '1980-09-02 06:48:06');
INSERT INTO `messages` (`id`, `from_user_id`, `to_user_id`, `body`, `created_at`) VALUES ('15', '15', '15', 'Quo voluptas nam neque totam aliquid. Fugit ea illo saepe illo voluptatem. Eligendi in veniam tempora et.', '2014-12-03 17:44:47');
INSERT INTO `messages` (`id`, `from_user_id`, `to_user_id`, `body`, `created_at`) VALUES ('16', '16', '16', 'Ad neque ea dicta autem dolores iusto. Consectetur nobis quisquam est asperiores iure officiis. Sequi at impedit quia dolor voluptas dolore.', '1981-08-29 01:25:53');
INSERT INTO `messages` (`id`, `from_user_id`, `to_user_id`, `body`, `created_at`) VALUES ('17', '17', '17', 'Quod quidem ipsum corrupti explicabo in illum iusto. Consectetur suscipit quaerat corporis neque ex. Aut esse quam et fugit voluptas. Perferendis quis voluptates eum eos qui totam.', '1971-03-28 08:59:21');
INSERT INTO `messages` (`id`, `from_user_id`, `to_user_id`, `body`, `created_at`) VALUES ('18', '18', '18', 'Error fugit eveniet aut magni. Rerum sit earum architecto quasi optio et. Omnis dolore labore officia.', '2001-12-21 21:35:38');
INSERT INTO `messages` (`id`, `from_user_id`, `to_user_id`, `body`, `created_at`) VALUES ('19', '19', '19', 'Illum molestias vitae iusto voluptatem. Esse quia doloremque tenetur est eveniet. Ut et dolor earum omnis at.', '2005-10-04 08:55:50');
INSERT INTO `messages` (`id`, `from_user_id`, `to_user_id`, `body`, `created_at`) VALUES ('20', '20', '20', 'Optio dolores ut et id eum aut in. Necessitatibus nemo quam eligendi in aut. Repellendus fuga praesentium autem repellat impedit.', '1983-04-11 01:37:08');
INSERT INTO `messages` (`id`, `from_user_id`, `to_user_id`, `body`, `created_at`) VALUES ('21', '21', '21', 'Quibusdam sed ullam ut beatae. Est et et est reprehenderit dolor nihil sint. Ut quo natus provident vitae.', '1990-02-16 17:29:50');
INSERT INTO `messages` (`id`, `from_user_id`, `to_user_id`, `body`, `created_at`) VALUES ('22', '22', '22', 'Alias eveniet aut consequatur qui molestiae. Recusandae ea sint repellendus culpa. Voluptas quo temporibus earum veniam hic voluptas.', '2014-11-10 16:05:38');
INSERT INTO `messages` (`id`, `from_user_id`, `to_user_id`, `body`, `created_at`) VALUES ('23', '23', '23', 'Ut et iste natus in suscipit soluta. Maiores voluptatem iusto enim ipsum et voluptatem. Eum aut totam voluptas dolorum necessitatibus voluptatem totam vitae.', '1997-09-23 12:42:26');
INSERT INTO `messages` (`id`, `from_user_id`, `to_user_id`, `body`, `created_at`) VALUES ('24', '24', '24', 'Et omnis modi quis nihil voluptatem commodi cumque voluptas. Aut nemo delectus incidunt eos. Id architecto cum iure voluptas dolorem.', '1995-07-02 22:09:25');
INSERT INTO `messages` (`id`, `from_user_id`, `to_user_id`, `body`, `created_at`) VALUES ('25', '25', '25', 'Repudiandae dolor voluptatibus aliquam corporis velit porro molestiae repellendus. Alias omnis amet dignissimos labore aliquid qui eum. Qui voluptas fugiat quos voluptatum.', '2002-07-17 02:40:29');
INSERT INTO `messages` (`id`, `from_user_id`, `to_user_id`, `body`, `created_at`) VALUES ('26', '26', '26', 'Voluptas voluptatem nisi qui ex fuga voluptates vero. Odit numquam qui expedita soluta temporibus doloribus vitae. Corporis quisquam ea pariatur iusto aut. Et ipsa voluptates nostrum eum.', '2000-04-27 07:07:00');
INSERT INTO `messages` (`id`, `from_user_id`, `to_user_id`, `body`, `created_at`) VALUES ('27', '27', '27', 'Beatae vero architecto nihil quas. Esse sequi quae eveniet. Laborum et nam qui placeat soluta. Eligendi amet id laboriosam quam cumque sint.', '1996-07-11 15:19:07');
INSERT INTO `messages` (`id`, `from_user_id`, `to_user_id`, `body`, `created_at`) VALUES ('28', '28', '28', 'Neque laudantium voluptatem aut sit sed dolorem. Sit et atque voluptatum numquam dolorem ex. Earum velit tempore voluptas dolorem deserunt ipsum placeat.', '2018-01-12 17:13:41');
INSERT INTO `messages` (`id`, `from_user_id`, `to_user_id`, `body`, `created_at`) VALUES ('29', '29', '29', 'Exercitationem voluptatibus architecto est officiis debitis vitae. Expedita non quo ut ipsa. Excepturi ipsa eligendi harum voluptatem. Dignissimos nisi eveniet voluptatem et nostrum a.', '1972-11-04 14:37:42');
INSERT INTO `messages` (`id`, `from_user_id`, `to_user_id`, `body`, `created_at`) VALUES ('30', '30', '30', 'Veniam dolores voluptate corrupti ducimus cumque. Eaque ducimus est laboriosam voluptatum autem.', '1981-01-19 21:45:56');
INSERT INTO `messages` (`id`, `from_user_id`, `to_user_id`, `body`, `created_at`) VALUES ('31', '31', '31', 'Harum repellendus beatae ut fuga. Et dolores nihil accusamus quia necessitatibus. Et dolorem voluptas animi assumenda consequatur dolorem. Ipsum aperiam at inventore asperiores.', '1987-05-06 00:07:57');
INSERT INTO `messages` (`id`, `from_user_id`, `to_user_id`, `body`, `created_at`) VALUES ('32', '32', '32', 'Cum ullam ex assumenda dolorum debitis. Quod molestiae eius eveniet maiores consequatur blanditiis. Sed possimus omnis nemo odio quos id. Nobis amet sed sunt neque.', '1977-01-05 08:24:39');
INSERT INTO `messages` (`id`, `from_user_id`, `to_user_id`, `body`, `created_at`) VALUES ('33', '33', '33', 'Iste aut nihil nihil tempore ut. Facilis in est fugiat rerum minima porro cupiditate.', '1973-12-29 00:00:50');
INSERT INTO `messages` (`id`, `from_user_id`, `to_user_id`, `body`, `created_at`) VALUES ('34', '34', '34', 'Excepturi sed velit saepe quia cum quia repudiandae. Reprehenderit quae adipisci consequatur laborum architecto soluta quasi. Labore aut voluptas ut accusantium excepturi temporibus quasi.', '2017-12-31 13:55:24');
INSERT INTO `messages` (`id`, `from_user_id`, `to_user_id`, `body`, `created_at`) VALUES ('35', '35', '35', 'Ipsa voluptas fugiat perspiciatis dolorem praesentium odio et officiis. Recusandae aut reiciendis omnis. At itaque quam sit quam et at veritatis. Suscipit blanditiis et iusto omnis tenetur neque et.', '1993-05-31 13:32:29');
INSERT INTO `messages` (`id`, `from_user_id`, `to_user_id`, `body`, `created_at`) VALUES ('36', '36', '36', 'Modi quod quidem explicabo animi tenetur voluptas aliquid. Et aspernatur illum itaque et est earum. Alias maxime voluptate velit nam ratione. Dignissimos maiores eveniet quo placeat architecto odit aut quisquam.', '1981-11-21 21:48:50');
INSERT INTO `messages` (`id`, `from_user_id`, `to_user_id`, `body`, `created_at`) VALUES ('37', '37', '37', 'Quasi aut et qui iusto. Laborum consequatur nesciunt aperiam molestias placeat voluptates. Minima molestiae repellat sunt nihil at exercitationem. Quod et exercitationem iure veritatis et accusantium.', '1985-12-03 09:12:47');
INSERT INTO `messages` (`id`, `from_user_id`, `to_user_id`, `body`, `created_at`) VALUES ('38', '38', '38', 'Neque consectetur molestiae molestiae asperiores repellat hic aliquid. Veniam quia non qui rerum ducimus nobis in. Quae ratione quidem et earum id tempora labore. Molestiae exercitationem suscipit accusantium tenetur voluptatem nihil incidunt.', '1987-03-14 01:10:39');
INSERT INTO `messages` (`id`, `from_user_id`, `to_user_id`, `body`, `created_at`) VALUES ('39', '39', '39', 'Doloremque assumenda molestiae sint voluptatum. Sed ipsam qui sed minima ut molestiae. Nemo sint sed iure aliquid est.', '2012-01-04 18:38:10');
INSERT INTO `messages` (`id`, `from_user_id`, `to_user_id`, `body`, `created_at`) VALUES ('40', '40', '40', 'Explicabo ea qui totam illo et quaerat enim quis. Modi ipsam impedit similique animi. Iusto suscipit aut alias. Sint laborum labore omnis sit.', '2013-07-14 00:34:33');
INSERT INTO `messages` (`id`, `from_user_id`, `to_user_id`, `body`, `created_at`) VALUES ('41', '41', '41', 'Minima adipisci a expedita autem rerum. Quibusdam inventore eos expedita vel laborum. Necessitatibus assumenda et sit facere est ipsum nobis.', '1981-05-31 01:46:53');
INSERT INTO `messages` (`id`, `from_user_id`, `to_user_id`, `body`, `created_at`) VALUES ('42', '42', '42', 'Libero quod porro omnis sunt aut culpa natus. Et alias possimus itaque occaecati cumque a quidem. Ullam nostrum voluptas placeat. Nam veritatis ex in perferendis temporibus.', '1975-01-16 23:33:16');
INSERT INTO `messages` (`id`, `from_user_id`, `to_user_id`, `body`, `created_at`) VALUES ('43', '43', '43', 'Labore ab rerum explicabo temporibus nisi. Autem aliquid expedita sequi molestiae quaerat voluptatem magnam. Debitis ab nisi saepe dolor qui. Nulla distinctio hic numquam blanditiis delectus perspiciatis sed.', '2015-05-02 07:57:21');
INSERT INTO `messages` (`id`, `from_user_id`, `to_user_id`, `body`, `created_at`) VALUES ('44', '44', '44', 'Nobis sed distinctio corporis temporibus accusamus. Et laudantium ea nam ullam odio minima. Qui in suscipit hic ipsum.', '1999-12-17 07:44:29');
INSERT INTO `messages` (`id`, `from_user_id`, `to_user_id`, `body`, `created_at`) VALUES ('45', '45', '45', 'Ipsa quia est molestiae odio nesciunt dolorum sed eligendi. Ducimus quo aliquid dolorem dolorem cumque. Aut sit eligendi consequatur nobis.', '1986-11-20 14:54:33');
INSERT INTO `messages` (`id`, `from_user_id`, `to_user_id`, `body`, `created_at`) VALUES ('46', '46', '46', 'Labore ex similique debitis aut quia. Itaque omnis consequatur molestiae eligendi. Aspernatur commodi occaecati cum et sit expedita consequatur.', '2011-01-23 16:30:12');
INSERT INTO `messages` (`id`, `from_user_id`, `to_user_id`, `body`, `created_at`) VALUES ('47', '47', '47', 'Voluptates sint perspiciatis et qui et itaque. Aut facilis atque ut quia eveniet perspiciatis sapiente reiciendis. Quas aut quisquam omnis molestiae quisquam laudantium.', '2013-08-05 05:00:32');
INSERT INTO `messages` (`id`, `from_user_id`, `to_user_id`, `body`, `created_at`) VALUES ('48', '48', '48', 'Sed ea sunt eum perferendis. Fuga quos eos quisquam et dicta. Quod voluptas est et ad. Natus et ratione laborum. Similique et architecto fugit voluptatem ipsa.', '1987-09-06 09:19:23');
INSERT INTO `messages` (`id`, `from_user_id`, `to_user_id`, `body`, `created_at`) VALUES ('49', '49', '49', 'Tempore nisi rerum quis dignissimos rerum. Ad veniam numquam ab rerum. Et reiciendis architecto qui velit doloremque rerum. Nulla voluptas rerum sint possimus.', '1991-11-15 19:51:38');
INSERT INTO `messages` (`id`, `from_user_id`, `to_user_id`, `body`, `created_at`) VALUES ('50', '50', '50', 'Porro sunt autem incidunt non. Illum deleniti qui eveniet voluptatibus. Ullam quis velit quo ut eum fugit.', '1997-08-08 22:54:03');
INSERT INTO `messages` (`id`, `from_user_id`, `to_user_id`, `body`, `created_at`) VALUES ('51', '51', '51', 'Expedita recusandae accusamus earum nemo. Consequatur porro non illo et eveniet. Non harum aperiam et assumenda velit praesentium. Non libero beatae exercitationem nihil nemo aperiam voluptatibus.', '1977-08-06 20:14:39');
INSERT INTO `messages` (`id`, `from_user_id`, `to_user_id`, `body`, `created_at`) VALUES ('52', '52', '52', 'Inventore numquam at dolores et sit dolorem. Unde consequuntur atque esse. Voluptates ut qui qui provident occaecati.', '1995-08-18 10:46:46');
INSERT INTO `messages` (`id`, `from_user_id`, `to_user_id`, `body`, `created_at`) VALUES ('53', '53', '53', 'Natus at praesentium vitae cum ut. Impedit odit optio eos voluptas accusamus sint qui. Voluptatem eos consequatur perferendis dolorum. Autem magni impedit molestiae aperiam.', '2017-06-15 03:59:23');
INSERT INTO `messages` (`id`, `from_user_id`, `to_user_id`, `body`, `created_at`) VALUES ('54', '54', '54', 'Eum nostrum praesentium necessitatibus. Cupiditate modi quasi dolorum autem sequi. Occaecati qui dolorem et reprehenderit. Aut numquam sapiente repellendus ipsa.', '1990-06-21 14:07:40');
INSERT INTO `messages` (`id`, `from_user_id`, `to_user_id`, `body`, `created_at`) VALUES ('55', '55', '55', 'Earum recusandae omnis ut rerum repudiandae rerum dolorem. Sequi et atque dolores. Earum distinctio expedita omnis ut non harum. Ut nisi aut veniam illum quod.', '1982-05-27 03:22:58');
INSERT INTO `messages` (`id`, `from_user_id`, `to_user_id`, `body`, `created_at`) VALUES ('56', '56', '56', 'Nulla minus ipsa aut voluptas ea porro nemo. Ut magni consequatur incidunt iusto odio libero occaecati. Esse fugiat distinctio qui. Reiciendis et dolor nam est sed possimus.', '2002-04-09 07:28:04');
INSERT INTO `messages` (`id`, `from_user_id`, `to_user_id`, `body`, `created_at`) VALUES ('57', '57', '57', 'Ut nemo consequuntur nobis iure rerum quae ut. Ea eum libero eius. Reprehenderit aspernatur neque maiores facere.', '2001-11-30 10:58:14');
INSERT INTO `messages` (`id`, `from_user_id`, `to_user_id`, `body`, `created_at`) VALUES ('58', '58', '58', 'Nam quidem doloribus quod. Quidem quia eaque et error sunt. Ad fugit eum velit deserunt. Qui eius quia dolorem corporis ut recusandae ab.', '2003-02-03 13:41:29');
INSERT INTO `messages` (`id`, `from_user_id`, `to_user_id`, `body`, `created_at`) VALUES ('59', '59', '59', 'Cumque inventore impedit asperiores perspiciatis corporis illo quia. Repellendus qui eos reiciendis aliquid aut. Asperiores aut minima non qui. Itaque ducimus delectus sequi adipisci repellat expedita reprehenderit.', '2007-07-07 07:29:02');
INSERT INTO `messages` (`id`, `from_user_id`, `to_user_id`, `body`, `created_at`) VALUES ('60', '60', '60', 'Possimus aut nihil quod facilis et nemo doloribus dolor. Quae harum voluptatum qui dolorem. Earum rerum iure et asperiores ut.', '2015-04-01 03:45:24');
INSERT INTO `messages` (`id`, `from_user_id`, `to_user_id`, `body`, `created_at`) VALUES ('61', '61', '61', 'Quo aut vitae et deleniti aliquam occaecati quia. Illo delectus et aut quia eveniet. Voluptatem ducimus a omnis fuga autem minus voluptate. Aperiam et velit qui voluptas sit accusantium beatae voluptatem. Iure ea hic dolores veritatis deleniti sint.', '2019-12-01 14:15:27');
INSERT INTO `messages` (`id`, `from_user_id`, `to_user_id`, `body`, `created_at`) VALUES ('62', '62', '62', 'Ut occaecati atque cupiditate velit blanditiis. Aut non alias cum. Culpa illo mollitia deleniti ullam rerum.', '1974-06-10 00:19:08');
INSERT INTO `messages` (`id`, `from_user_id`, `to_user_id`, `body`, `created_at`) VALUES ('63', '63', '63', 'Dolor ea eligendi et dolor unde. Doloremque rerum quasi debitis at doloremque cum. Incidunt eos qui quia aliquid. Perspiciatis aut omnis cum.', '1980-10-19 19:10:34');
INSERT INTO `messages` (`id`, `from_user_id`, `to_user_id`, `body`, `created_at`) VALUES ('64', '64', '64', 'Tempore excepturi sed aut dolor illo voluptatum. Facilis fugiat saepe vel quia totam quibusdam. Sequi in dolore praesentium dignissimos voluptatem sed maxime.', '1980-05-05 05:10:15');
INSERT INTO `messages` (`id`, `from_user_id`, `to_user_id`, `body`, `created_at`) VALUES ('65', '65', '65', 'Laborum quaerat impedit rerum vitae et possimus. Id maxime sed aperiam atque deserunt. Temporibus aspernatur quasi et eos maxime culpa et. Molestiae non ipsa sapiente voluptate non molestias qui.', '2015-05-30 21:10:58');
INSERT INTO `messages` (`id`, `from_user_id`, `to_user_id`, `body`, `created_at`) VALUES ('66', '66', '66', 'Nobis neque natus enim at non architecto. Laboriosam labore blanditiis est quia sit.', '2017-10-27 17:36:15');
INSERT INTO `messages` (`id`, `from_user_id`, `to_user_id`, `body`, `created_at`) VALUES ('67', '67', '67', 'Quos fugiat officiis et molestiae natus dignissimos. Debitis repellendus sed in non consequatur eum et.', '2003-06-09 03:07:05');
INSERT INTO `messages` (`id`, `from_user_id`, `to_user_id`, `body`, `created_at`) VALUES ('68', '68', '68', 'Velit eos itaque iste numquam. Architecto eum quia rerum itaque sit voluptas et. Quia incidunt et inventore vel iusto odit sunt. Sed ea temporibus corrupti non sunt blanditiis nemo.', '1992-04-16 14:44:16');
INSERT INTO `messages` (`id`, `from_user_id`, `to_user_id`, `body`, `created_at`) VALUES ('69', '69', '69', 'Tenetur nihil rerum quis alias. Sunt molestiae consequatur occaecati libero velit sed ipsam. Earum enim assumenda a sunt et impedit.', '2001-05-03 02:53:59');
INSERT INTO `messages` (`id`, `from_user_id`, `to_user_id`, `body`, `created_at`) VALUES ('70', '70', '70', 'Explicabo consectetur odio aut id quas. Quo soluta eveniet sit eaque minus sit. Voluptate magnam qui explicabo quibusdam delectus amet quis.', '1975-05-05 09:00:44');
INSERT INTO `messages` (`id`, `from_user_id`, `to_user_id`, `body`, `created_at`) VALUES ('71', '71', '71', 'Nisi officiis perferendis maxime hic odio. Impedit quam dicta fugiat error sunt.', '1984-12-09 05:17:31');
INSERT INTO `messages` (`id`, `from_user_id`, `to_user_id`, `body`, `created_at`) VALUES ('72', '72', '72', 'Et nihil laudantium sunt tempore. Officiis enim quos placeat illo provident. Quia cumque aliquam asperiores. Nulla expedita ea doloremque sapiente.', '1982-02-08 21:03:03');
INSERT INTO `messages` (`id`, `from_user_id`, `to_user_id`, `body`, `created_at`) VALUES ('73', '73', '73', 'Nam eveniet ut qui vel. Rerum sunt exercitationem aut rerum dolor voluptates libero. Nihil eum odio et amet nemo. Et pariatur aut est consectetur.', '2018-09-12 06:27:57');
INSERT INTO `messages` (`id`, `from_user_id`, `to_user_id`, `body`, `created_at`) VALUES ('74', '74', '74', 'Nostrum ab eum magnam quia ducimus eos. Voluptate autem eius eum explicabo sed est. Adipisci ipsa dolor aut qui corrupti soluta odio.', '1977-08-17 16:12:12');
INSERT INTO `messages` (`id`, `from_user_id`, `to_user_id`, `body`, `created_at`) VALUES ('75', '75', '75', 'Ut labore pariatur necessitatibus doloremque et dolore. Modi amet qui sed dignissimos impedit vitae. Optio et voluptate reprehenderit. Rerum ut excepturi commodi in saepe impedit neque non.', '1995-04-22 15:21:58');
INSERT INTO `messages` (`id`, `from_user_id`, `to_user_id`, `body`, `created_at`) VALUES ('76', '76', '76', 'Dignissimos ducimus ratione vel rerum iste vero ut. Explicabo aut quo quod. Ea dolorum qui ut hic sint ab.', '1984-04-23 12:16:19');
INSERT INTO `messages` (`id`, `from_user_id`, `to_user_id`, `body`, `created_at`) VALUES ('77', '77', '77', 'Est pariatur quam optio laborum ex qui perferendis. Delectus neque accusamus ad officia eum eveniet ipsa quia. Animi aut quae dignissimos doloremque doloribus est. Ullam sit dolorem temporibus sed voluptas suscipit.', '1981-08-03 10:54:34');
INSERT INTO `messages` (`id`, `from_user_id`, `to_user_id`, `body`, `created_at`) VALUES ('78', '78', '78', 'Ut unde sunt quibusdam vel cumque expedita ipsa dolores. Ut velit rerum error modi et. Ea rerum consequatur laboriosam quia porro. Nemo accusantium inventore velit suscipit quo hic eum.', '2017-05-21 16:07:53');
INSERT INTO `messages` (`id`, `from_user_id`, `to_user_id`, `body`, `created_at`) VALUES ('79', '79', '79', 'Quidem omnis quae occaecati et. Reiciendis quod veritatis illum sunt non. Modi quisquam facere quos.', '1983-06-19 04:46:26');
INSERT INTO `messages` (`id`, `from_user_id`, `to_user_id`, `body`, `created_at`) VALUES ('80', '80', '80', 'Est minima iusto harum eos. Dolor ea voluptatem illo voluptates hic quos tempora quam. Quaerat expedita qui quis ipsum cupiditate consectetur.', '1998-10-05 11:32:31');
INSERT INTO `messages` (`id`, `from_user_id`, `to_user_id`, `body`, `created_at`) VALUES ('81', '81', '81', 'Quo quis corrupti aut. Distinctio eos ut corrupti distinctio vel nam voluptatem ullam. Itaque et doloribus in non est similique quis. Quidem qui eum sequi id et. Minus quia officia qui doloremque molestiae numquam.', '2007-12-08 11:22:30');
INSERT INTO `messages` (`id`, `from_user_id`, `to_user_id`, `body`, `created_at`) VALUES ('82', '82', '82', 'Eos consequuntur vel veniam rerum. Numquam aut voluptate sequi ducimus laboriosam harum. Ipsum quisquam eveniet qui odio amet id. Sed tenetur asperiores est.', '2014-10-26 02:23:17');
INSERT INTO `messages` (`id`, `from_user_id`, `to_user_id`, `body`, `created_at`) VALUES ('83', '83', '83', 'Eligendi cumque ut libero ipsa. Consequuntur possimus aliquid totam quibusdam quidem eum. Est iure officia dolore repellendus. Quis quibusdam fugit numquam quae est exercitationem.', '1985-08-14 16:26:44');
INSERT INTO `messages` (`id`, `from_user_id`, `to_user_id`, `body`, `created_at`) VALUES ('84', '84', '84', 'Odio facere quaerat qui. Id voluptatem necessitatibus quod. Accusamus ut est sint voluptate numquam odit earum. Enim et et optio.', '2000-12-21 15:50:09');
INSERT INTO `messages` (`id`, `from_user_id`, `to_user_id`, `body`, `created_at`) VALUES ('85', '85', '85', 'Id enim asperiores dolores nisi. Eos nesciunt modi maxime. Voluptas quis repudiandae placeat aut sit accusamus.', '2011-02-05 02:28:19');
INSERT INTO `messages` (`id`, `from_user_id`, `to_user_id`, `body`, `created_at`) VALUES ('86', '86', '86', 'Qui enim incidunt voluptates consectetur corporis. Sunt unde quae cumque sit officia nemo. Repellendus molestiae officiis eaque consequatur beatae. Nulla et sit accusantium quia.', '1984-07-05 15:15:30');
INSERT INTO `messages` (`id`, `from_user_id`, `to_user_id`, `body`, `created_at`) VALUES ('87', '87', '87', 'Et recusandae quia nam saepe debitis. Voluptas tenetur ratione dolor ea aut nemo facilis. Omnis sed dolor aspernatur voluptates in.', '2010-04-19 22:35:33');
INSERT INTO `messages` (`id`, `from_user_id`, `to_user_id`, `body`, `created_at`) VALUES ('88', '88', '88', 'Culpa qui consequatur veniam. Voluptate et sit aut. Dolorum aliquid dolorem sit. Cumque asperiores suscipit quia fugiat cupiditate enim voluptatem.', '1979-10-18 21:53:42');
INSERT INTO `messages` (`id`, `from_user_id`, `to_user_id`, `body`, `created_at`) VALUES ('89', '89', '89', 'Vel eligendi quis distinctio sit repudiandae ea. Quia omnis repudiandae adipisci ut repellat. Magni delectus et sint neque molestiae. Qui natus nobis est sunt numquam aut odit. Autem ullam provident quos mollitia totam odit inventore quidem.', '2001-04-26 21:13:20');
INSERT INTO `messages` (`id`, `from_user_id`, `to_user_id`, `body`, `created_at`) VALUES ('90', '90', '90', 'Cupiditate et qui non et nobis atque. Facere nihil adipisci placeat odit amet. Non eum quos voluptas sed sunt ut non. Blanditiis tempora est neque ex.', '1990-02-19 07:40:18');
INSERT INTO `messages` (`id`, `from_user_id`, `to_user_id`, `body`, `created_at`) VALUES ('91', '91', '91', 'Doloribus neque officiis nisi odio et. Fuga et est dolorem quaerat. Illum et culpa fugiat id architecto. Nihil aspernatur blanditiis omnis aspernatur et.', '1978-08-21 16:37:33');
INSERT INTO `messages` (`id`, `from_user_id`, `to_user_id`, `body`, `created_at`) VALUES ('92', '92', '92', 'Adipisci ad deleniti id autem. Aut est cum tempore eaque sint. Dolore eveniet id esse modi. Qui corrupti est facere praesentium.', '1986-10-01 20:15:19');
INSERT INTO `messages` (`id`, `from_user_id`, `to_user_id`, `body`, `created_at`) VALUES ('93', '93', '93', 'Quo quo facilis ex. Quidem autem et praesentium inventore laboriosam. Nostrum suscipit vel quia optio eius deserunt. Illo nihil enim modi amet eum accusantium nemo.', '1991-07-20 06:42:45');
INSERT INTO `messages` (`id`, `from_user_id`, `to_user_id`, `body`, `created_at`) VALUES ('94', '94', '94', 'Illum quo suscipit sunt aut. Soluta vel et perferendis laboriosam aut.', '2008-08-17 03:56:14');
INSERT INTO `messages` (`id`, `from_user_id`, `to_user_id`, `body`, `created_at`) VALUES ('95', '95', '95', 'Vel repellat possimus totam deserunt et. Iste et consequatur perspiciatis ipsam nisi nemo cupiditate. Facere possimus aliquid aliquid nihil et autem sit. Officiis rerum cupiditate perspiciatis perferendis ea et.', '1978-10-24 11:48:53');
INSERT INTO `messages` (`id`, `from_user_id`, `to_user_id`, `body`, `created_at`) VALUES ('96', '96', '96', 'Deserunt eaque beatae excepturi rem excepturi perferendis. Qui ea laboriosam itaque et.', '1982-01-10 02:53:26');
INSERT INTO `messages` (`id`, `from_user_id`, `to_user_id`, `body`, `created_at`) VALUES ('97', '97', '97', 'Facere voluptate corporis sed dignissimos nemo enim. Est voluptatem quis harum asperiores iste id ea. Consectetur quisquam molestias distinctio eum similique corporis. Aliquam expedita perferendis sint quia.', '1987-04-03 09:26:08');
INSERT INTO `messages` (`id`, `from_user_id`, `to_user_id`, `body`, `created_at`) VALUES ('98', '98', '98', 'Quis ut nobis dolor. Consequuntur magni eum aut quis. Dolorum similique ex et voluptatem. Cumque sunt incidunt unde est. Cumque libero facere neque illum voluptatem enim.', '2011-02-01 03:44:27');
INSERT INTO `messages` (`id`, `from_user_id`, `to_user_id`, `body`, `created_at`) VALUES ('99', '99', '99', 'Vel inventore sunt quo facilis quisquam. Officiis quisquam molestiae voluptates debitis enim. Expedita necessitatibus natus eveniet sed.', '1977-01-29 23:16:21');
INSERT INTO `messages` (`id`, `from_user_id`, `to_user_id`, `body`, `created_at`) VALUES ('100', '100', '100', 'Hic nisi qui ea eaque ullam est dolorem. Aperiam dolores dolores quaerat dicta. Porro magnam nesciunt autem dolorem quaerat omnis. Et eum qui nesciunt.', '2002-05-19 08:07:16');


#
# TABLE STRUCTURE FOR: photo_albums
#

DROP TABLE IF EXISTS `photo_albums`;

CREATE TABLE `photo_albums` (
  `id` bigint(20) unsigned NOT NULL AUTO_INCREMENT,
  `name` varchar(255) COLLATE utf8_unicode_ci DEFAULT NULL,
  `user_id` bigint(20) unsigned DEFAULT NULL,
  PRIMARY KEY (`id`),
  UNIQUE KEY `id` (`id`),
  KEY `user_id` (`user_id`),
  CONSTRAINT `photo_albums_ibfk_1` FOREIGN KEY (`user_id`) REFERENCES `users` (`id`)
) ENGINE=InnoDB AUTO_INCREMENT=101 DEFAULT CHARSET=utf8 COLLATE=utf8_unicode_ci;

INSERT INTO `photo_albums` (`id`, `name`, `user_id`) VALUES ('1', 'veniam', '1');
INSERT INTO `photo_albums` (`id`, `name`, `user_id`) VALUES ('2', 'quas', '2');
INSERT INTO `photo_albums` (`id`, `name`, `user_id`) VALUES ('3', 'temporibus', '3');
INSERT INTO `photo_albums` (`id`, `name`, `user_id`) VALUES ('4', 'id', '4');
INSERT INTO `photo_albums` (`id`, `name`, `user_id`) VALUES ('5', 'necessitatibus', '5');
INSERT INTO `photo_albums` (`id`, `name`, `user_id`) VALUES ('6', 'hic', '6');
INSERT INTO `photo_albums` (`id`, `name`, `user_id`) VALUES ('7', 'libero', '7');
INSERT INTO `photo_albums` (`id`, `name`, `user_id`) VALUES ('8', 'magnam', '8');
INSERT INTO `photo_albums` (`id`, `name`, `user_id`) VALUES ('9', 'exercitationem', '9');
INSERT INTO `photo_albums` (`id`, `name`, `user_id`) VALUES ('10', 'eum', '10');
INSERT INTO `photo_albums` (`id`, `name`, `user_id`) VALUES ('11', 'qui', '11');
INSERT INTO `photo_albums` (`id`, `name`, `user_id`) VALUES ('12', 'commodi', '12');
INSERT INTO `photo_albums` (`id`, `name`, `user_id`) VALUES ('13', 'sequi', '13');
INSERT INTO `photo_albums` (`id`, `name`, `user_id`) VALUES ('14', 'aut', '14');
INSERT INTO `photo_albums` (`id`, `name`, `user_id`) VALUES ('15', 'temporibus', '15');
INSERT INTO `photo_albums` (`id`, `name`, `user_id`) VALUES ('16', 'mollitia', '16');
INSERT INTO `photo_albums` (`id`, `name`, `user_id`) VALUES ('17', 'voluptas', '17');
INSERT INTO `photo_albums` (`id`, `name`, `user_id`) VALUES ('18', 'fugit', '18');
INSERT INTO `photo_albums` (`id`, `name`, `user_id`) VALUES ('19', 'adipisci', '19');
INSERT INTO `photo_albums` (`id`, `name`, `user_id`) VALUES ('20', 'quia', '20');
INSERT INTO `photo_albums` (`id`, `name`, `user_id`) VALUES ('21', 'quia', '21');
INSERT INTO `photo_albums` (`id`, `name`, `user_id`) VALUES ('22', 'aperiam', '22');
INSERT INTO `photo_albums` (`id`, `name`, `user_id`) VALUES ('23', 'officiis', '23');
INSERT INTO `photo_albums` (`id`, `name`, `user_id`) VALUES ('24', 'eveniet', '24');
INSERT INTO `photo_albums` (`id`, `name`, `user_id`) VALUES ('25', 'aut', '25');
INSERT INTO `photo_albums` (`id`, `name`, `user_id`) VALUES ('26', 'debitis', '26');
INSERT INTO `photo_albums` (`id`, `name`, `user_id`) VALUES ('27', 'et', '27');
INSERT INTO `photo_albums` (`id`, `name`, `user_id`) VALUES ('28', 'sit', '28');
INSERT INTO `photo_albums` (`id`, `name`, `user_id`) VALUES ('29', 'necessitatibus', '29');
INSERT INTO `photo_albums` (`id`, `name`, `user_id`) VALUES ('30', 'sunt', '30');
INSERT INTO `photo_albums` (`id`, `name`, `user_id`) VALUES ('31', 'non', '31');
INSERT INTO `photo_albums` (`id`, `name`, `user_id`) VALUES ('32', 'perferendis', '32');
INSERT INTO `photo_albums` (`id`, `name`, `user_id`) VALUES ('33', 'tempore', '33');
INSERT INTO `photo_albums` (`id`, `name`, `user_id`) VALUES ('34', 'autem', '34');
INSERT INTO `photo_albums` (`id`, `name`, `user_id`) VALUES ('35', 'et', '35');
INSERT INTO `photo_albums` (`id`, `name`, `user_id`) VALUES ('36', 'perspiciatis', '36');
INSERT INTO `photo_albums` (`id`, `name`, `user_id`) VALUES ('37', 'rerum', '37');
INSERT INTO `photo_albums` (`id`, `name`, `user_id`) VALUES ('38', 'consectetur', '38');
INSERT INTO `photo_albums` (`id`, `name`, `user_id`) VALUES ('39', 'a', '39');
INSERT INTO `photo_albums` (`id`, `name`, `user_id`) VALUES ('40', 'et', '40');
INSERT INTO `photo_albums` (`id`, `name`, `user_id`) VALUES ('41', 'sed', '41');
INSERT INTO `photo_albums` (`id`, `name`, `user_id`) VALUES ('42', 'porro', '42');
INSERT INTO `photo_albums` (`id`, `name`, `user_id`) VALUES ('43', 'et', '43');
INSERT INTO `photo_albums` (`id`, `name`, `user_id`) VALUES ('44', 'rerum', '44');
INSERT INTO `photo_albums` (`id`, `name`, `user_id`) VALUES ('45', 'vel', '45');
INSERT INTO `photo_albums` (`id`, `name`, `user_id`) VALUES ('46', 'sed', '46');
INSERT INTO `photo_albums` (`id`, `name`, `user_id`) VALUES ('47', 'et', '47');
INSERT INTO `photo_albums` (`id`, `name`, `user_id`) VALUES ('48', 'rerum', '48');
INSERT INTO `photo_albums` (`id`, `name`, `user_id`) VALUES ('49', 'reiciendis', '49');
INSERT INTO `photo_albums` (`id`, `name`, `user_id`) VALUES ('50', 'eaque', '50');
INSERT INTO `photo_albums` (`id`, `name`, `user_id`) VALUES ('51', 'a', '51');
INSERT INTO `photo_albums` (`id`, `name`, `user_id`) VALUES ('52', 'ut', '52');
INSERT INTO `photo_albums` (`id`, `name`, `user_id`) VALUES ('53', 'est', '53');
INSERT INTO `photo_albums` (`id`, `name`, `user_id`) VALUES ('54', 'ea', '54');
INSERT INTO `photo_albums` (`id`, `name`, `user_id`) VALUES ('55', 'doloremque', '55');
INSERT INTO `photo_albums` (`id`, `name`, `user_id`) VALUES ('56', 'saepe', '56');
INSERT INTO `photo_albums` (`id`, `name`, `user_id`) VALUES ('57', 'error', '57');
INSERT INTO `photo_albums` (`id`, `name`, `user_id`) VALUES ('58', 'est', '58');
INSERT INTO `photo_albums` (`id`, `name`, `user_id`) VALUES ('59', 'nemo', '59');
INSERT INTO `photo_albums` (`id`, `name`, `user_id`) VALUES ('60', 'delectus', '60');
INSERT INTO `photo_albums` (`id`, `name`, `user_id`) VALUES ('61', 'eaque', '61');
INSERT INTO `photo_albums` (`id`, `name`, `user_id`) VALUES ('62', 'quod', '62');
INSERT INTO `photo_albums` (`id`, `name`, `user_id`) VALUES ('63', 'sunt', '63');
INSERT INTO `photo_albums` (`id`, `name`, `user_id`) VALUES ('64', 'a', '64');
INSERT INTO `photo_albums` (`id`, `name`, `user_id`) VALUES ('65', 'qui', '65');
INSERT INTO `photo_albums` (`id`, `name`, `user_id`) VALUES ('66', 'reprehenderit', '66');
INSERT INTO `photo_albums` (`id`, `name`, `user_id`) VALUES ('67', 'nesciunt', '67');
INSERT INTO `photo_albums` (`id`, `name`, `user_id`) VALUES ('68', 'aut', '68');
INSERT INTO `photo_albums` (`id`, `name`, `user_id`) VALUES ('69', 'ipsam', '69');
INSERT INTO `photo_albums` (`id`, `name`, `user_id`) VALUES ('70', 'minus', '70');
INSERT INTO `photo_albums` (`id`, `name`, `user_id`) VALUES ('71', 'minus', '71');
INSERT INTO `photo_albums` (`id`, `name`, `user_id`) VALUES ('72', 'officiis', '72');
INSERT INTO `photo_albums` (`id`, `name`, `user_id`) VALUES ('73', 'nostrum', '73');
INSERT INTO `photo_albums` (`id`, `name`, `user_id`) VALUES ('74', 'molestiae', '74');
INSERT INTO `photo_albums` (`id`, `name`, `user_id`) VALUES ('75', 'dicta', '75');
INSERT INTO `photo_albums` (`id`, `name`, `user_id`) VALUES ('76', 'ipsum', '76');
INSERT INTO `photo_albums` (`id`, `name`, `user_id`) VALUES ('77', 'sunt', '77');
INSERT INTO `photo_albums` (`id`, `name`, `user_id`) VALUES ('78', 'voluptatibus', '78');
INSERT INTO `photo_albums` (`id`, `name`, `user_id`) VALUES ('79', 'minus', '79');
INSERT INTO `photo_albums` (`id`, `name`, `user_id`) VALUES ('80', 'porro', '80');
INSERT INTO `photo_albums` (`id`, `name`, `user_id`) VALUES ('81', 'expedita', '81');
INSERT INTO `photo_albums` (`id`, `name`, `user_id`) VALUES ('82', 'assumenda', '82');
INSERT INTO `photo_albums` (`id`, `name`, `user_id`) VALUES ('83', 'dignissimos', '83');
INSERT INTO `photo_albums` (`id`, `name`, `user_id`) VALUES ('84', 'et', '84');
INSERT INTO `photo_albums` (`id`, `name`, `user_id`) VALUES ('85', 'eum', '85');
INSERT INTO `photo_albums` (`id`, `name`, `user_id`) VALUES ('86', 'ea', '86');
INSERT INTO `photo_albums` (`id`, `name`, `user_id`) VALUES ('87', 'molestiae', '87');
INSERT INTO `photo_albums` (`id`, `name`, `user_id`) VALUES ('88', 'et', '88');
INSERT INTO `photo_albums` (`id`, `name`, `user_id`) VALUES ('89', 'voluptas', '89');
INSERT INTO `photo_albums` (`id`, `name`, `user_id`) VALUES ('90', 'facilis', '90');
INSERT INTO `photo_albums` (`id`, `name`, `user_id`) VALUES ('91', 'vitae', '91');
INSERT INTO `photo_albums` (`id`, `name`, `user_id`) VALUES ('92', 'tenetur', '92');
INSERT INTO `photo_albums` (`id`, `name`, `user_id`) VALUES ('93', 'accusantium', '93');
INSERT INTO `photo_albums` (`id`, `name`, `user_id`) VALUES ('94', 'tempora', '94');
INSERT INTO `photo_albums` (`id`, `name`, `user_id`) VALUES ('95', 'natus', '95');
INSERT INTO `photo_albums` (`id`, `name`, `user_id`) VALUES ('96', 'repudiandae', '96');
INSERT INTO `photo_albums` (`id`, `name`, `user_id`) VALUES ('97', 'ea', '97');
INSERT INTO `photo_albums` (`id`, `name`, `user_id`) VALUES ('98', 'ut', '98');
INSERT INTO `photo_albums` (`id`, `name`, `user_id`) VALUES ('99', 'animi', '99');
INSERT INTO `photo_albums` (`id`, `name`, `user_id`) VALUES ('100', 'quasi', '100');


#
# TABLE STRUCTURE FOR: photos
#

DROP TABLE IF EXISTS `photos`;

CREATE TABLE `photos` (
  `id` bigint(20) unsigned NOT NULL AUTO_INCREMENT,
  `album_id` bigint(20) unsigned NOT NULL,
  `media_id` bigint(20) unsigned NOT NULL,
  `user_id` bigint(20) unsigned NOT NULL,
  PRIMARY KEY (`id`),
  KEY `album_id` (`album_id`),
  KEY `media_id` (`media_id`),
  KEY `user_id` (`user_id`),
  CONSTRAINT `photos_ibfk_1` FOREIGN KEY (`album_id`) REFERENCES `photo_albums` (`id`),
  CONSTRAINT `photos_ibfk_2` FOREIGN KEY (`media_id`) REFERENCES `media` (`id`),
  CONSTRAINT `photos_ibfk_3` FOREIGN KEY (`user_id`) REFERENCES `users` (`id`)
) ENGINE=InnoDB AUTO_INCREMENT=101 DEFAULT CHARSET=utf8 COLLATE=utf8_unicode_ci;

INSERT INTO `photos` (`id`, `album_id`, `media_id`, `user_id`) VALUES ('1', '1', '1', '1');
INSERT INTO `photos` (`id`, `album_id`, `media_id`, `user_id`) VALUES ('2', '2', '2', '2');
INSERT INTO `photos` (`id`, `album_id`, `media_id`, `user_id`) VALUES ('3', '3', '3', '3');
INSERT INTO `photos` (`id`, `album_id`, `media_id`, `user_id`) VALUES ('4', '4', '4', '4');
INSERT INTO `photos` (`id`, `album_id`, `media_id`, `user_id`) VALUES ('5', '5', '5', '5');
INSERT INTO `photos` (`id`, `album_id`, `media_id`, `user_id`) VALUES ('6', '6', '6', '6');
INSERT INTO `photos` (`id`, `album_id`, `media_id`, `user_id`) VALUES ('7', '7', '7', '7');
INSERT INTO `photos` (`id`, `album_id`, `media_id`, `user_id`) VALUES ('8', '8', '8', '8');
INSERT INTO `photos` (`id`, `album_id`, `media_id`, `user_id`) VALUES ('9', '9', '9', '9');
INSERT INTO `photos` (`id`, `album_id`, `media_id`, `user_id`) VALUES ('10', '10', '10', '10');
INSERT INTO `photos` (`id`, `album_id`, `media_id`, `user_id`) VALUES ('11', '11', '11', '11');
INSERT INTO `photos` (`id`, `album_id`, `media_id`, `user_id`) VALUES ('12', '12', '12', '12');
INSERT INTO `photos` (`id`, `album_id`, `media_id`, `user_id`) VALUES ('13', '13', '13', '13');
INSERT INTO `photos` (`id`, `album_id`, `media_id`, `user_id`) VALUES ('14', '14', '14', '14');
INSERT INTO `photos` (`id`, `album_id`, `media_id`, `user_id`) VALUES ('15', '15', '15', '15');
INSERT INTO `photos` (`id`, `album_id`, `media_id`, `user_id`) VALUES ('16', '16', '16', '16');
INSERT INTO `photos` (`id`, `album_id`, `media_id`, `user_id`) VALUES ('17', '17', '17', '17');
INSERT INTO `photos` (`id`, `album_id`, `media_id`, `user_id`) VALUES ('18', '18', '18', '18');
INSERT INTO `photos` (`id`, `album_id`, `media_id`, `user_id`) VALUES ('19', '19', '19', '19');
INSERT INTO `photos` (`id`, `album_id`, `media_id`, `user_id`) VALUES ('20', '20', '20', '20');
INSERT INTO `photos` (`id`, `album_id`, `media_id`, `user_id`) VALUES ('21', '21', '21', '21');
INSERT INTO `photos` (`id`, `album_id`, `media_id`, `user_id`) VALUES ('22', '22', '22', '22');
INSERT INTO `photos` (`id`, `album_id`, `media_id`, `user_id`) VALUES ('23', '23', '23', '23');
INSERT INTO `photos` (`id`, `album_id`, `media_id`, `user_id`) VALUES ('24', '24', '24', '24');
INSERT INTO `photos` (`id`, `album_id`, `media_id`, `user_id`) VALUES ('25', '25', '25', '25');
INSERT INTO `photos` (`id`, `album_id`, `media_id`, `user_id`) VALUES ('26', '26', '26', '26');
INSERT INTO `photos` (`id`, `album_id`, `media_id`, `user_id`) VALUES ('27', '27', '27', '27');
INSERT INTO `photos` (`id`, `album_id`, `media_id`, `user_id`) VALUES ('28', '28', '28', '28');
INSERT INTO `photos` (`id`, `album_id`, `media_id`, `user_id`) VALUES ('29', '29', '29', '29');
INSERT INTO `photos` (`id`, `album_id`, `media_id`, `user_id`) VALUES ('30', '30', '30', '30');
INSERT INTO `photos` (`id`, `album_id`, `media_id`, `user_id`) VALUES ('31', '31', '31', '31');
INSERT INTO `photos` (`id`, `album_id`, `media_id`, `user_id`) VALUES ('32', '32', '32', '32');
INSERT INTO `photos` (`id`, `album_id`, `media_id`, `user_id`) VALUES ('33', '33', '33', '33');
INSERT INTO `photos` (`id`, `album_id`, `media_id`, `user_id`) VALUES ('34', '34', '34', '34');
INSERT INTO `photos` (`id`, `album_id`, `media_id`, `user_id`) VALUES ('35', '35', '35', '35');
INSERT INTO `photos` (`id`, `album_id`, `media_id`, `user_id`) VALUES ('36', '36', '36', '36');
INSERT INTO `photos` (`id`, `album_id`, `media_id`, `user_id`) VALUES ('37', '37', '37', '37');
INSERT INTO `photos` (`id`, `album_id`, `media_id`, `user_id`) VALUES ('38', '38', '38', '38');
INSERT INTO `photos` (`id`, `album_id`, `media_id`, `user_id`) VALUES ('39', '39', '39', '39');
INSERT INTO `photos` (`id`, `album_id`, `media_id`, `user_id`) VALUES ('40', '40', '40', '40');
INSERT INTO `photos` (`id`, `album_id`, `media_id`, `user_id`) VALUES ('41', '41', '41', '41');
INSERT INTO `photos` (`id`, `album_id`, `media_id`, `user_id`) VALUES ('42', '42', '42', '42');
INSERT INTO `photos` (`id`, `album_id`, `media_id`, `user_id`) VALUES ('43', '43', '43', '43');
INSERT INTO `photos` (`id`, `album_id`, `media_id`, `user_id`) VALUES ('44', '44', '44', '44');
INSERT INTO `photos` (`id`, `album_id`, `media_id`, `user_id`) VALUES ('45', '45', '45', '45');
INSERT INTO `photos` (`id`, `album_id`, `media_id`, `user_id`) VALUES ('46', '46', '46', '46');
INSERT INTO `photos` (`id`, `album_id`, `media_id`, `user_id`) VALUES ('47', '47', '47', '47');
INSERT INTO `photos` (`id`, `album_id`, `media_id`, `user_id`) VALUES ('48', '48', '48', '48');
INSERT INTO `photos` (`id`, `album_id`, `media_id`, `user_id`) VALUES ('49', '49', '49', '49');
INSERT INTO `photos` (`id`, `album_id`, `media_id`, `user_id`) VALUES ('50', '50', '50', '50');
INSERT INTO `photos` (`id`, `album_id`, `media_id`, `user_id`) VALUES ('51', '51', '51', '51');
INSERT INTO `photos` (`id`, `album_id`, `media_id`, `user_id`) VALUES ('52', '52', '52', '52');
INSERT INTO `photos` (`id`, `album_id`, `media_id`, `user_id`) VALUES ('53', '53', '53', '53');
INSERT INTO `photos` (`id`, `album_id`, `media_id`, `user_id`) VALUES ('54', '54', '54', '54');
INSERT INTO `photos` (`id`, `album_id`, `media_id`, `user_id`) VALUES ('55', '55', '55', '55');
INSERT INTO `photos` (`id`, `album_id`, `media_id`, `user_id`) VALUES ('56', '56', '56', '56');
INSERT INTO `photos` (`id`, `album_id`, `media_id`, `user_id`) VALUES ('57', '57', '57', '57');
INSERT INTO `photos` (`id`, `album_id`, `media_id`, `user_id`) VALUES ('58', '58', '58', '58');
INSERT INTO `photos` (`id`, `album_id`, `media_id`, `user_id`) VALUES ('59', '59', '59', '59');
INSERT INTO `photos` (`id`, `album_id`, `media_id`, `user_id`) VALUES ('60', '60', '60', '60');
INSERT INTO `photos` (`id`, `album_id`, `media_id`, `user_id`) VALUES ('61', '61', '61', '61');
INSERT INTO `photos` (`id`, `album_id`, `media_id`, `user_id`) VALUES ('62', '62', '62', '62');
INSERT INTO `photos` (`id`, `album_id`, `media_id`, `user_id`) VALUES ('63', '63', '63', '63');
INSERT INTO `photos` (`id`, `album_id`, `media_id`, `user_id`) VALUES ('64', '64', '64', '64');
INSERT INTO `photos` (`id`, `album_id`, `media_id`, `user_id`) VALUES ('65', '65', '65', '65');
INSERT INTO `photos` (`id`, `album_id`, `media_id`, `user_id`) VALUES ('66', '66', '66', '66');
INSERT INTO `photos` (`id`, `album_id`, `media_id`, `user_id`) VALUES ('67', '67', '67', '67');
INSERT INTO `photos` (`id`, `album_id`, `media_id`, `user_id`) VALUES ('68', '68', '68', '68');
INSERT INTO `photos` (`id`, `album_id`, `media_id`, `user_id`) VALUES ('69', '69', '69', '69');
INSERT INTO `photos` (`id`, `album_id`, `media_id`, `user_id`) VALUES ('70', '70', '70', '70');
INSERT INTO `photos` (`id`, `album_id`, `media_id`, `user_id`) VALUES ('71', '71', '71', '71');
INSERT INTO `photos` (`id`, `album_id`, `media_id`, `user_id`) VALUES ('72', '72', '72', '72');
INSERT INTO `photos` (`id`, `album_id`, `media_id`, `user_id`) VALUES ('73', '73', '73', '73');
INSERT INTO `photos` (`id`, `album_id`, `media_id`, `user_id`) VALUES ('74', '74', '74', '74');
INSERT INTO `photos` (`id`, `album_id`, `media_id`, `user_id`) VALUES ('75', '75', '75', '75');
INSERT INTO `photos` (`id`, `album_id`, `media_id`, `user_id`) VALUES ('76', '76', '76', '76');
INSERT INTO `photos` (`id`, `album_id`, `media_id`, `user_id`) VALUES ('77', '77', '77', '77');
INSERT INTO `photos` (`id`, `album_id`, `media_id`, `user_id`) VALUES ('78', '78', '78', '78');
INSERT INTO `photos` (`id`, `album_id`, `media_id`, `user_id`) VALUES ('79', '79', '79', '79');
INSERT INTO `photos` (`id`, `album_id`, `media_id`, `user_id`) VALUES ('80', '80', '80', '80');
INSERT INTO `photos` (`id`, `album_id`, `media_id`, `user_id`) VALUES ('81', '81', '81', '81');
INSERT INTO `photos` (`id`, `album_id`, `media_id`, `user_id`) VALUES ('82', '82', '82', '82');
INSERT INTO `photos` (`id`, `album_id`, `media_id`, `user_id`) VALUES ('83', '83', '83', '83');
INSERT INTO `photos` (`id`, `album_id`, `media_id`, `user_id`) VALUES ('84', '84', '84', '84');
INSERT INTO `photos` (`id`, `album_id`, `media_id`, `user_id`) VALUES ('85', '85', '85', '85');
INSERT INTO `photos` (`id`, `album_id`, `media_id`, `user_id`) VALUES ('86', '86', '86', '86');
INSERT INTO `photos` (`id`, `album_id`, `media_id`, `user_id`) VALUES ('87', '87', '87', '87');
INSERT INTO `photos` (`id`, `album_id`, `media_id`, `user_id`) VALUES ('88', '88', '88', '88');
INSERT INTO `photos` (`id`, `album_id`, `media_id`, `user_id`) VALUES ('89', '89', '89', '89');
INSERT INTO `photos` (`id`, `album_id`, `media_id`, `user_id`) VALUES ('90', '90', '90', '90');
INSERT INTO `photos` (`id`, `album_id`, `media_id`, `user_id`) VALUES ('91', '91', '91', '91');
INSERT INTO `photos` (`id`, `album_id`, `media_id`, `user_id`) VALUES ('92', '92', '92', '92');
INSERT INTO `photos` (`id`, `album_id`, `media_id`, `user_id`) VALUES ('93', '93', '93', '93');
INSERT INTO `photos` (`id`, `album_id`, `media_id`, `user_id`) VALUES ('94', '94', '94', '94');
INSERT INTO `photos` (`id`, `album_id`, `media_id`, `user_id`) VALUES ('95', '95', '95', '95');
INSERT INTO `photos` (`id`, `album_id`, `media_id`, `user_id`) VALUES ('96', '96', '96', '96');
INSERT INTO `photos` (`id`, `album_id`, `media_id`, `user_id`) VALUES ('97', '97', '97', '97');
INSERT INTO `photos` (`id`, `album_id`, `media_id`, `user_id`) VALUES ('98', '98', '98', '98');
INSERT INTO `photos` (`id`, `album_id`, `media_id`, `user_id`) VALUES ('99', '99', '99', '99');
INSERT INTO `photos` (`id`, `album_id`, `media_id`, `user_id`) VALUES ('100', '100', '100', '100');


#
# TABLE STRUCTURE FOR: profiles
#

DROP TABLE IF EXISTS `profiles`;

CREATE TABLE `profiles` (
  `user_id` bigint(20) unsigned NOT NULL AUTO_INCREMENT,
  `gender` char(1) COLLATE utf8_unicode_ci DEFAULT NULL,
  `birthday` date DEFAULT NULL,
  `photo_id` bigint(20) unsigned DEFAULT NULL,
  `created_at` datetime DEFAULT current_timestamp(),
  `hometown` varchar(100) COLLATE utf8_unicode_ci DEFAULT NULL,
  PRIMARY KEY (`user_id`),
  CONSTRAINT `profiles_ibfk_1` FOREIGN KEY (`user_id`) REFERENCES `users` (`id`) ON UPDATE CASCADE
) ENGINE=InnoDB AUTO_INCREMENT=101 DEFAULT CHARSET=utf8 COLLATE=utf8_unicode_ci;

INSERT INTO `profiles` (`user_id`, `gender`, `birthday`, `photo_id`, `created_at`, `hometown`) VALUES ('1', 'D', '1977-09-22', '5323344486701', '2000-09-03 05:10:11', 'South Marcos');
INSERT INTO `profiles` (`user_id`, `gender`, `birthday`, `photo_id`, `created_at`, `hometown`) VALUES ('2', 'D', '1996-03-22', '5078755798546', '1974-08-30 16:34:13', 'Leonardoborough');
INSERT INTO `profiles` (`user_id`, `gender`, `birthday`, `photo_id`, `created_at`, `hometown`) VALUES ('3', 'D', '1999-09-06', '4290102055404', '1982-05-28 04:04:30', 'Baileybury');
INSERT INTO `profiles` (`user_id`, `gender`, `birthday`, `photo_id`, `created_at`, `hometown`) VALUES ('4', 'M', '1999-05-07', '5847006212076', '2015-10-17 19:04:46', 'South Toni');
INSERT INTO `profiles` (`user_id`, `gender`, `birthday`, `photo_id`, `created_at`, `hometown`) VALUES ('5', 'P', '1987-03-19', '7958596890358', '1972-12-26 06:26:02', 'Beaumouth');
INSERT INTO `profiles` (`user_id`, `gender`, `birthday`, `photo_id`, `created_at`, `hometown`) VALUES ('6', 'P', '1974-02-11', '1393461563559', '2001-07-07 05:34:44', 'East Darrylshire');
INSERT INTO `profiles` (`user_id`, `gender`, `birthday`, `photo_id`, `created_at`, `hometown`) VALUES ('7', 'M', '2012-10-22', '7917043445725', '2009-08-28 18:05:49', 'Schmidtton');
INSERT INTO `profiles` (`user_id`, `gender`, `birthday`, `photo_id`, `created_at`, `hometown`) VALUES ('8', 'D', '1988-06-13', '3402953535085', '1984-09-24 01:31:58', 'North Abigale');
INSERT INTO `profiles` (`user_id`, `gender`, `birthday`, `photo_id`, `created_at`, `hometown`) VALUES ('9', 'M', '2000-11-10', '525873367789', '2010-02-17 00:03:08', 'Kochchester');
INSERT INTO `profiles` (`user_id`, `gender`, `birthday`, `photo_id`, `created_at`, `hometown`) VALUES ('10', 'M', '1988-09-30', '9315136816045', '2008-08-15 13:56:47', 'New Lulu');
INSERT INTO `profiles` (`user_id`, `gender`, `birthday`, `photo_id`, `created_at`, `hometown`) VALUES ('11', 'P', '1986-03-16', '3206514133525', '1989-11-13 19:38:56', 'Creminland');
INSERT INTO `profiles` (`user_id`, `gender`, `birthday`, `photo_id`, `created_at`, `hometown`) VALUES ('12', 'D', '1988-11-23', '5786756398411', '1971-10-18 23:06:30', 'Port Anibal');
INSERT INTO `profiles` (`user_id`, `gender`, `birthday`, `photo_id`, `created_at`, `hometown`) VALUES ('13', 'M', '1998-12-11', '6720862950124', '2003-08-04 11:03:35', 'Buddyfort');
INSERT INTO `profiles` (`user_id`, `gender`, `birthday`, `photo_id`, `created_at`, `hometown`) VALUES ('14', 'M', '1983-11-07', '380152588718', '1987-09-09 05:14:44', 'Ahmedburgh');
INSERT INTO `profiles` (`user_id`, `gender`, `birthday`, `photo_id`, `created_at`, `hometown`) VALUES ('15', 'D', '1972-12-30', '3259982306489', '2003-03-06 01:44:44', 'Lake Emmanuelle');
INSERT INTO `profiles` (`user_id`, `gender`, `birthday`, `photo_id`, `created_at`, `hometown`) VALUES ('16', 'P', '1990-11-05', '5382453910460', '1996-04-02 03:39:08', 'New Adaline');
INSERT INTO `profiles` (`user_id`, `gender`, `birthday`, `photo_id`, `created_at`, `hometown`) VALUES ('17', 'M', '1982-01-21', '7115097225526', '2013-04-21 06:02:58', 'Othaview');
INSERT INTO `profiles` (`user_id`, `gender`, `birthday`, `photo_id`, `created_at`, `hometown`) VALUES ('18', 'P', '1975-05-17', '3707412578079', '2010-07-01 04:56:43', 'Elisabethport');
INSERT INTO `profiles` (`user_id`, `gender`, `birthday`, `photo_id`, `created_at`, `hometown`) VALUES ('19', 'M', '1971-02-10', '9547654076919', '1978-05-30 01:09:32', 'Jenaburgh');
INSERT INTO `profiles` (`user_id`, `gender`, `birthday`, `photo_id`, `created_at`, `hometown`) VALUES ('20', 'M', '1993-12-27', '6706930834244', '1993-08-01 22:01:03', 'Hauckhaven');
INSERT INTO `profiles` (`user_id`, `gender`, `birthday`, `photo_id`, `created_at`, `hometown`) VALUES ('21', 'D', '1981-11-19', '4492445936864', '1990-01-04 13:42:27', 'Homenickshire');
INSERT INTO `profiles` (`user_id`, `gender`, `birthday`, `photo_id`, `created_at`, `hometown`) VALUES ('22', 'M', '2019-11-09', '5350165008881', '1976-09-17 06:51:29', 'North Janie');
INSERT INTO `profiles` (`user_id`, `gender`, `birthday`, `photo_id`, `created_at`, `hometown`) VALUES ('23', 'M', '1977-09-15', '7581047525686', '1982-05-10 08:50:28', 'Sydniside');
INSERT INTO `profiles` (`user_id`, `gender`, `birthday`, `photo_id`, `created_at`, `hometown`) VALUES ('24', 'P', '2006-10-19', '835579453083', '1971-06-27 01:44:19', 'Garrychester');
INSERT INTO `profiles` (`user_id`, `gender`, `birthday`, `photo_id`, `created_at`, `hometown`) VALUES ('25', 'M', '2003-11-14', '2634899272668', '1970-01-14 14:05:22', 'West Hudsonmouth');
INSERT INTO `profiles` (`user_id`, `gender`, `birthday`, `photo_id`, `created_at`, `hometown`) VALUES ('26', 'M', '1997-11-24', '739261464817', '2010-10-30 07:22:56', 'Laceyburgh');
INSERT INTO `profiles` (`user_id`, `gender`, `birthday`, `photo_id`, `created_at`, `hometown`) VALUES ('27', 'D', '2007-09-01', '6209798229080', '1994-04-24 13:27:22', 'North Laney');
INSERT INTO `profiles` (`user_id`, `gender`, `birthday`, `photo_id`, `created_at`, `hometown`) VALUES ('28', 'M', '1994-08-22', '6113686686438', '2007-03-06 05:09:43', 'North Sharonhaven');
INSERT INTO `profiles` (`user_id`, `gender`, `birthday`, `photo_id`, `created_at`, `hometown`) VALUES ('29', 'M', '2014-10-21', '7677863284521', '1977-08-30 19:30:17', 'Langworthmouth');
INSERT INTO `profiles` (`user_id`, `gender`, `birthday`, `photo_id`, `created_at`, `hometown`) VALUES ('30', 'P', '2012-07-15', '1736160795560', '2014-05-10 22:26:52', 'Conroyberg');
INSERT INTO `profiles` (`user_id`, `gender`, `birthday`, `photo_id`, `created_at`, `hometown`) VALUES ('31', 'P', '2004-02-22', '4342156332946', '2006-04-20 10:09:05', 'New Ashleigh');
INSERT INTO `profiles` (`user_id`, `gender`, `birthday`, `photo_id`, `created_at`, `hometown`) VALUES ('32', 'D', '1974-02-25', '8778691057550', '1976-07-21 10:44:20', 'Charlenechester');
INSERT INTO `profiles` (`user_id`, `gender`, `birthday`, `photo_id`, `created_at`, `hometown`) VALUES ('33', 'M', '1999-06-17', '9822929547258', '2007-10-30 20:17:43', 'Kuhlmanburgh');
INSERT INTO `profiles` (`user_id`, `gender`, `birthday`, `photo_id`, `created_at`, `hometown`) VALUES ('34', 'M', '1971-03-18', '5581502360991', '1977-07-06 09:13:27', 'South Cortez');
INSERT INTO `profiles` (`user_id`, `gender`, `birthday`, `photo_id`, `created_at`, `hometown`) VALUES ('35', 'D', '1981-01-13', '3294738276586', '1987-10-02 18:29:50', 'New Kaleb');
INSERT INTO `profiles` (`user_id`, `gender`, `birthday`, `photo_id`, `created_at`, `hometown`) VALUES ('36', 'M', '1979-03-31', '1802840526172', '1981-11-07 01:55:50', 'East Kasandrahaven');
INSERT INTO `profiles` (`user_id`, `gender`, `birthday`, `photo_id`, `created_at`, `hometown`) VALUES ('37', 'M', '1985-12-14', '9566238566851', '1981-10-25 08:33:27', 'Klingtown');
INSERT INTO `profiles` (`user_id`, `gender`, `birthday`, `photo_id`, `created_at`, `hometown`) VALUES ('38', 'P', '1992-02-20', '6599670143000', '2002-01-16 11:21:21', 'North Zanderfurt');
INSERT INTO `profiles` (`user_id`, `gender`, `birthday`, `photo_id`, `created_at`, `hometown`) VALUES ('39', 'M', '1984-05-03', '4043014528241', '1997-11-24 03:47:07', 'Romabury');
INSERT INTO `profiles` (`user_id`, `gender`, `birthday`, `photo_id`, `created_at`, `hometown`) VALUES ('40', 'P', '1995-09-15', '9984418902310', '1985-03-05 18:27:39', 'East Westley');
INSERT INTO `profiles` (`user_id`, `gender`, `birthday`, `photo_id`, `created_at`, `hometown`) VALUES ('41', 'P', '1980-11-15', '5683122266230', '1981-02-09 14:03:08', 'Dewayneview');
INSERT INTO `profiles` (`user_id`, `gender`, `birthday`, `photo_id`, `created_at`, `hometown`) VALUES ('42', 'D', '2005-11-24', '1217022061073', '2011-12-03 04:39:09', 'Runteshire');
INSERT INTO `profiles` (`user_id`, `gender`, `birthday`, `photo_id`, `created_at`, `hometown`) VALUES ('43', 'D', '1987-07-26', '8242470485297', '2007-06-25 17:06:17', 'East Mireille');
INSERT INTO `profiles` (`user_id`, `gender`, `birthday`, `photo_id`, `created_at`, `hometown`) VALUES ('44', 'P', '2014-04-06', '1470777469284', '1977-09-16 22:49:16', 'Todville');
INSERT INTO `profiles` (`user_id`, `gender`, `birthday`, `photo_id`, `created_at`, `hometown`) VALUES ('45', 'D', '1987-03-26', '5702190785518', '2005-05-18 14:50:29', 'Lake Nels');
INSERT INTO `profiles` (`user_id`, `gender`, `birthday`, `photo_id`, `created_at`, `hometown`) VALUES ('46', 'P', '1993-03-27', '817158456777', '1984-02-11 16:02:04', 'West Melisamouth');
INSERT INTO `profiles` (`user_id`, `gender`, `birthday`, `photo_id`, `created_at`, `hometown`) VALUES ('47', 'D', '1978-07-28', '9478390907352', '1976-02-23 20:52:16', 'Schultzchester');
INSERT INTO `profiles` (`user_id`, `gender`, `birthday`, `photo_id`, `created_at`, `hometown`) VALUES ('48', 'D', '1973-05-02', '5782175891502', '1973-07-01 18:40:00', 'Lake Greg');
INSERT INTO `profiles` (`user_id`, `gender`, `birthday`, `photo_id`, `created_at`, `hometown`) VALUES ('49', 'P', '1999-02-25', '5544895831042', '1982-07-14 17:59:59', 'Kertzmannmouth');
INSERT INTO `profiles` (`user_id`, `gender`, `birthday`, `photo_id`, `created_at`, `hometown`) VALUES ('50', 'P', '1997-08-05', '3128104915840', '2016-01-20 02:03:49', 'North Damonchester');
INSERT INTO `profiles` (`user_id`, `gender`, `birthday`, `photo_id`, `created_at`, `hometown`) VALUES ('51', 'M', '1981-12-23', '2655863302976', '2019-09-28 00:48:28', 'Port Izabella');
INSERT INTO `profiles` (`user_id`, `gender`, `birthday`, `photo_id`, `created_at`, `hometown`) VALUES ('52', 'D', '1981-04-26', '3391069014600', '1992-05-16 20:07:24', 'Alveraville');
INSERT INTO `profiles` (`user_id`, `gender`, `birthday`, `photo_id`, `created_at`, `hometown`) VALUES ('53', 'P', '2001-06-11', '115497490200', '2002-08-05 03:28:16', 'New Vada');
INSERT INTO `profiles` (`user_id`, `gender`, `birthday`, `photo_id`, `created_at`, `hometown`) VALUES ('54', 'D', '2002-07-18', '7353549665289', '2018-02-09 11:42:24', 'Daniellatown');
INSERT INTO `profiles` (`user_id`, `gender`, `birthday`, `photo_id`, `created_at`, `hometown`) VALUES ('55', 'D', '2006-03-03', '6149852874798', '1983-07-02 18:47:42', 'South Franciscoland');
INSERT INTO `profiles` (`user_id`, `gender`, `birthday`, `photo_id`, `created_at`, `hometown`) VALUES ('56', 'P', '2004-01-17', '2049119817657', '1997-09-09 17:46:38', 'East Annemouth');
INSERT INTO `profiles` (`user_id`, `gender`, `birthday`, `photo_id`, `created_at`, `hometown`) VALUES ('57', 'P', '1972-08-29', '3684449180942', '2012-11-08 16:45:58', 'North Karson');
INSERT INTO `profiles` (`user_id`, `gender`, `birthday`, `photo_id`, `created_at`, `hometown`) VALUES ('58', 'M', '2004-03-14', '2583864499411', '1983-10-01 12:46:51', 'West Giles');
INSERT INTO `profiles` (`user_id`, `gender`, `birthday`, `photo_id`, `created_at`, `hometown`) VALUES ('59', 'M', '2010-05-23', '2611816198614', '1979-02-05 16:22:51', 'Leliafurt');
INSERT INTO `profiles` (`user_id`, `gender`, `birthday`, `photo_id`, `created_at`, `hometown`) VALUES ('60', 'M', '2018-08-20', '5768759518003', '1971-01-29 11:33:59', 'South Damon');
INSERT INTO `profiles` (`user_id`, `gender`, `birthday`, `photo_id`, `created_at`, `hometown`) VALUES ('61', 'D', '1991-03-22', '563822638054', '2017-02-19 03:23:07', 'Erdmanside');
INSERT INTO `profiles` (`user_id`, `gender`, `birthday`, `photo_id`, `created_at`, `hometown`) VALUES ('62', 'D', '2003-01-28', '1963387885013', '2008-07-11 07:52:39', 'Volkmanmouth');
INSERT INTO `profiles` (`user_id`, `gender`, `birthday`, `photo_id`, `created_at`, `hometown`) VALUES ('63', 'M', '1979-06-10', '1998342886576', '1979-01-02 21:16:06', 'West Ashtyn');
INSERT INTO `profiles` (`user_id`, `gender`, `birthday`, `photo_id`, `created_at`, `hometown`) VALUES ('64', 'M', '2003-05-10', '9543782237543', '2011-12-06 11:58:04', 'South Marvin');
INSERT INTO `profiles` (`user_id`, `gender`, `birthday`, `photo_id`, `created_at`, `hometown`) VALUES ('65', 'D', '2010-10-29', '9886697817494', '2005-01-15 22:20:39', 'South Shemar');
INSERT INTO `profiles` (`user_id`, `gender`, `birthday`, `photo_id`, `created_at`, `hometown`) VALUES ('66', 'M', '1987-07-16', '7815042879452', '2017-06-01 03:19:48', 'Luzborough');
INSERT INTO `profiles` (`user_id`, `gender`, `birthday`, `photo_id`, `created_at`, `hometown`) VALUES ('67', 'P', '1976-12-06', '96596833221', '1997-04-20 10:33:18', 'Rosenbaumview');
INSERT INTO `profiles` (`user_id`, `gender`, `birthday`, `photo_id`, `created_at`, `hometown`) VALUES ('68', 'D', '1995-01-30', '4248285104525', '1998-02-01 08:34:33', 'North Kale');
INSERT INTO `profiles` (`user_id`, `gender`, `birthday`, `photo_id`, `created_at`, `hometown`) VALUES ('69', 'M', '2002-08-14', '2921451182207', '1985-11-25 08:14:46', 'Kristyfurt');
INSERT INTO `profiles` (`user_id`, `gender`, `birthday`, `photo_id`, `created_at`, `hometown`) VALUES ('70', 'D', '2011-09-29', '4494338488245', '1988-12-02 08:52:59', 'East Prince');
INSERT INTO `profiles` (`user_id`, `gender`, `birthday`, `photo_id`, `created_at`, `hometown`) VALUES ('71', 'P', '1987-02-05', '8756804111351', '2001-11-06 19:19:14', 'Gusfurt');
INSERT INTO `profiles` (`user_id`, `gender`, `birthday`, `photo_id`, `created_at`, `hometown`) VALUES ('72', 'D', '2014-11-21', '8375151090203', '2009-11-03 06:56:54', 'New Augustinefort');
INSERT INTO `profiles` (`user_id`, `gender`, `birthday`, `photo_id`, `created_at`, `hometown`) VALUES ('73', 'M', '1973-10-15', '6326798771934', '1996-05-19 19:57:05', 'New Aidanbury');
INSERT INTO `profiles` (`user_id`, `gender`, `birthday`, `photo_id`, `created_at`, `hometown`) VALUES ('74', 'M', '1985-11-13', '6558966021880', '2001-09-19 18:56:11', 'Isaiahshire');
INSERT INTO `profiles` (`user_id`, `gender`, `birthday`, `photo_id`, `created_at`, `hometown`) VALUES ('75', 'M', '1994-07-13', '3838828105464', '1975-10-31 11:44:50', 'Port Vicenta');
INSERT INTO `profiles` (`user_id`, `gender`, `birthday`, `photo_id`, `created_at`, `hometown`) VALUES ('76', 'M', '2013-08-03', '5031912996698', '1983-02-16 00:49:41', 'Abbottfurt');
INSERT INTO `profiles` (`user_id`, `gender`, `birthday`, `photo_id`, `created_at`, `hometown`) VALUES ('77', 'M', '2005-06-23', '7746845254972', '2005-01-17 07:52:45', 'Lake Selmerstad');
INSERT INTO `profiles` (`user_id`, `gender`, `birthday`, `photo_id`, `created_at`, `hometown`) VALUES ('78', 'P', '1971-04-26', '5810945577896', '2014-11-12 11:53:59', 'Macimouth');
INSERT INTO `profiles` (`user_id`, `gender`, `birthday`, `photo_id`, `created_at`, `hometown`) VALUES ('79', 'M', '1999-03-30', '2148168426633', '1996-07-05 07:30:56', 'Keithchester');
INSERT INTO `profiles` (`user_id`, `gender`, `birthday`, `photo_id`, `created_at`, `hometown`) VALUES ('80', 'P', '2017-11-19', '2317844214011', '2013-04-01 15:38:33', 'North Emmetttown');
INSERT INTO `profiles` (`user_id`, `gender`, `birthday`, `photo_id`, `created_at`, `hometown`) VALUES ('81', 'M', '2008-10-30', '273753702730', '2013-07-07 21:42:18', 'Lake Arden');
INSERT INTO `profiles` (`user_id`, `gender`, `birthday`, `photo_id`, `created_at`, `hometown`) VALUES ('82', 'M', '2017-02-18', '6267601979003', '1984-02-23 07:42:30', 'Marshallfurt');
INSERT INTO `profiles` (`user_id`, `gender`, `birthday`, `photo_id`, `created_at`, `hometown`) VALUES ('83', 'P', '2019-08-20', '3281918075602', '1999-01-12 18:58:54', 'New Hadleyside');
INSERT INTO `profiles` (`user_id`, `gender`, `birthday`, `photo_id`, `created_at`, `hometown`) VALUES ('84', 'D', '2008-07-09', '6501722771208', '1998-02-03 21:09:16', 'North Jeffrey');
INSERT INTO `profiles` (`user_id`, `gender`, `birthday`, `photo_id`, `created_at`, `hometown`) VALUES ('85', 'P', '2014-03-06', '1427399779970', '1989-08-31 04:11:55', 'North Camrenborough');
INSERT INTO `profiles` (`user_id`, `gender`, `birthday`, `photo_id`, `created_at`, `hometown`) VALUES ('86', 'P', '1977-09-02', '5807376007627', '1995-12-06 05:22:15', 'South Travisside');
INSERT INTO `profiles` (`user_id`, `gender`, `birthday`, `photo_id`, `created_at`, `hometown`) VALUES ('87', 'M', '1986-08-25', '4525112762852', '1971-04-16 23:10:39', 'Vivaborough');
INSERT INTO `profiles` (`user_id`, `gender`, `birthday`, `photo_id`, `created_at`, `hometown`) VALUES ('88', 'P', '1998-04-27', '9983048134832', '1980-02-12 00:19:40', 'Joshuaview');
INSERT INTO `profiles` (`user_id`, `gender`, `birthday`, `photo_id`, `created_at`, `hometown`) VALUES ('89', 'D', '1996-12-28', '9494169495097', '2009-09-05 14:14:01', 'East Boris');
INSERT INTO `profiles` (`user_id`, `gender`, `birthday`, `photo_id`, `created_at`, `hometown`) VALUES ('90', 'P', '1992-08-11', '3776153535337', '1977-03-03 00:35:47', 'Willmsmouth');
INSERT INTO `profiles` (`user_id`, `gender`, `birthday`, `photo_id`, `created_at`, `hometown`) VALUES ('91', 'M', '2020-03-24', '4750708816156', '2008-12-21 01:08:18', 'East Enid');
INSERT INTO `profiles` (`user_id`, `gender`, `birthday`, `photo_id`, `created_at`, `hometown`) VALUES ('92', 'M', '1984-10-30', '9332808085301', '2005-03-08 11:34:21', 'South Marjory');
INSERT INTO `profiles` (`user_id`, `gender`, `birthday`, `photo_id`, `created_at`, `hometown`) VALUES ('93', 'M', '1985-06-12', '3396688035104', '1971-02-27 16:17:57', 'Angelinamouth');
INSERT INTO `profiles` (`user_id`, `gender`, `birthday`, `photo_id`, `created_at`, `hometown`) VALUES ('94', 'M', '1992-04-10', '1453092809096', '1995-10-29 15:20:55', 'South Maximilianstad');
INSERT INTO `profiles` (`user_id`, `gender`, `birthday`, `photo_id`, `created_at`, `hometown`) VALUES ('95', 'M', '1977-05-20', '3724422231107', '2003-03-26 06:47:27', 'Eastonbury');
INSERT INTO `profiles` (`user_id`, `gender`, `birthday`, `photo_id`, `created_at`, `hometown`) VALUES ('96', 'D', '2019-10-16', '7283860933456', '2011-09-06 15:31:28', 'North Gracie');
INSERT INTO `profiles` (`user_id`, `gender`, `birthday`, `photo_id`, `created_at`, `hometown`) VALUES ('97', 'M', '1998-02-20', '4723476175893', '2000-06-10 05:10:38', 'North Merlestad');
INSERT INTO `profiles` (`user_id`, `gender`, `birthday`, `photo_id`, `created_at`, `hometown`) VALUES ('98', 'D', '1976-08-30', '9379638739066', '1982-10-13 03:17:08', 'North Erna');
INSERT INTO `profiles` (`user_id`, `gender`, `birthday`, `photo_id`, `created_at`, `hometown`) VALUES ('99', 'P', '1996-08-16', '2639942510490', '1995-04-17 08:58:32', 'East Austen');
INSERT INTO `profiles` (`user_id`, `gender`, `birthday`, `photo_id`, `created_at`, `hometown`) VALUES ('100', 'P', '1991-10-02', '351555545516', '2002-04-12 08:06:59', 'New Estell');


#
# TABLE STRUCTURE FOR: users
#

DROP TABLE IF EXISTS `users`;

CREATE TABLE `users` (
  `id` bigint(20) unsigned NOT NULL AUTO_INCREMENT,
  `firstname` varchar(50) COLLATE utf8_unicode_ci DEFAULT NULL,
  `lastname` varchar(50) COLLATE utf8_unicode_ci DEFAULT NULL COMMENT '',
  `email` varchar(120) COLLATE utf8_unicode_ci DEFAULT NULL,
  `phone` bigint(20) DEFAULT NULL,
  PRIMARY KEY (`id`),
  UNIQUE KEY `email` (`email`),
  KEY `users_phone_idx` (`phone`),
  KEY `users_firstname_lastname_idx` (`firstname`,`lastname`)
) ENGINE=InnoDB AUTO_INCREMENT=101 DEFAULT CHARSET=utf8 COLLATE=utf8_unicode_ci;

INSERT INTO `users` (`id`, `firstname`, `lastname`, `email`, `phone`) VALUES ('1', 'Earnest', 'Murazik', 'vonrueden.cathryn@example.com', '1');
INSERT INTO `users` (`id`, `firstname`, `lastname`, `email`, `phone`) VALUES ('2', 'Crystel', 'Dibbert', 'cody.wunsch@example.com', '49149');
INSERT INTO `users` (`id`, `firstname`, `lastname`, `email`, `phone`) VALUES ('3', 'Ivah', 'Dach', 'russel.ruecker@example.org', '27');
INSERT INTO `users` (`id`, `firstname`, `lastname`, `email`, `phone`) VALUES ('4', 'Jalyn', 'Corkery', 'jacynthe.williamson@example.net', '525');
INSERT INTO `users` (`id`, `firstname`, `lastname`, `email`, `phone`) VALUES ('5', 'Ivah', 'Monahan', 'torphy.lester@example.org', '878');
INSERT INTO `users` (`id`, `firstname`, `lastname`, `email`, `phone`) VALUES ('6', 'Elissa', 'Koch', 'meagan.ebert@example.net', '1');
INSERT INTO `users` (`id`, `firstname`, `lastname`, `email`, `phone`) VALUES ('7', 'Owen', 'O\'Keefe', 'cathy10@example.org', '404');
INSERT INTO `users` (`id`, `firstname`, `lastname`, `email`, `phone`) VALUES ('8', 'Evan', 'Schmitt', 'price.rubie@example.org', '178322');
INSERT INTO `users` (`id`, `firstname`, `lastname`, `email`, `phone`) VALUES ('9', 'Vicenta', 'Jacobi', 'lbraun@example.org', '616');
INSERT INTO `users` (`id`, `firstname`, `lastname`, `email`, `phone`) VALUES ('10', 'Cordie', 'Rippin', 'reinger.leatha@example.net', '1');
INSERT INTO `users` (`id`, `firstname`, `lastname`, `email`, `phone`) VALUES ('11', 'Nettie', 'Bartell', 'kadin45@example.com', '439');
INSERT INTO `users` (`id`, `firstname`, `lastname`, `email`, `phone`) VALUES ('12', 'Michelle', 'Heathcote', 'iquitzon@example.net', '1');
INSERT INTO `users` (`id`, `firstname`, `lastname`, `email`, `phone`) VALUES ('13', 'Will', 'Armstrong', 'jennie.lowe@example.org', '1');
INSERT INTO `users` (`id`, `firstname`, `lastname`, `email`, `phone`) VALUES ('14', 'Otilia', 'Sipes', 'balistreri.kaitlyn@example.org', '6569909445');
INSERT INTO `users` (`id`, `firstname`, `lastname`, `email`, `phone`) VALUES ('15', 'Emerald', 'Barrows', 'joaquin75@example.com', '872947');
INSERT INTO `users` (`id`, `firstname`, `lastname`, `email`, `phone`) VALUES ('16', 'Isabella', 'Bosco', 'gutkowski.aletha@example.net', '1');
INSERT INTO `users` (`id`, `firstname`, `lastname`, `email`, `phone`) VALUES ('17', 'Marianna', 'DuBuque', 'znikolaus@example.com', '616369');
INSERT INTO `users` (`id`, `firstname`, `lastname`, `email`, `phone`) VALUES ('18', 'Isadore', 'Ratke', 'melba76@example.org', '0');
INSERT INTO `users` (`id`, `firstname`, `lastname`, `email`, `phone`) VALUES ('19', 'Rosella', 'McGlynn', 'tbeahan@example.net', '33');
INSERT INTO `users` (`id`, `firstname`, `lastname`, `email`, `phone`) VALUES ('20', 'Alice', 'Eichmann', 'maudie55@example.org', '86116');
INSERT INTO `users` (`id`, `firstname`, `lastname`, `email`, `phone`) VALUES ('21', 'Kareem', 'Bashirian', 'kerluke.graham@example.org', '1');
INSERT INTO `users` (`id`, `firstname`, `lastname`, `email`, `phone`) VALUES ('22', 'Loraine', 'Waters', 'lelia.parker@example.org', '6484240031');
INSERT INTO `users` (`id`, `firstname`, `lastname`, `email`, `phone`) VALUES ('23', 'Jadyn', 'Crona', 'jacobi.alejandra@example.com', '0');
INSERT INTO `users` (`id`, `firstname`, `lastname`, `email`, `phone`) VALUES ('24', 'Jamal', 'Hagenes', 'chanel.hayes@example.org', '68');
INSERT INTO `users` (`id`, `firstname`, `lastname`, `email`, `phone`) VALUES ('25', 'Fernando', 'Orn', 'will.frederick@example.org', '237692');
INSERT INTO `users` (`id`, `firstname`, `lastname`, `email`, `phone`) VALUES ('26', 'Agustin', 'Crooks', 'dach.eliseo@example.com', '3839066138');
INSERT INTO `users` (`id`, `firstname`, `lastname`, `email`, `phone`) VALUES ('27', 'Hayden', 'Williamson', 'orpha.koepp@example.org', '603110');
INSERT INTO `users` (`id`, `firstname`, `lastname`, `email`, `phone`) VALUES ('28', 'Leone', 'Schulist', 'joanie.brekke@example.com', '42');
INSERT INTO `users` (`id`, `firstname`, `lastname`, `email`, `phone`) VALUES ('29', 'Reanna', 'Dicki', 'sipes.constantin@example.com', '53743');
INSERT INTO `users` (`id`, `firstname`, `lastname`, `email`, `phone`) VALUES ('30', 'Lisette', 'Wunsch', 'jeffry.brekke@example.com', '848007');
INSERT INTO `users` (`id`, `firstname`, `lastname`, `email`, `phone`) VALUES ('31', 'Rosina', 'Lehner', 'seth06@example.com', '0');
INSERT INTO `users` (`id`, `firstname`, `lastname`, `email`, `phone`) VALUES ('32', 'Humberto', 'Bradtke', 'fkoelpin@example.net', '1');
INSERT INTO `users` (`id`, `firstname`, `lastname`, `email`, `phone`) VALUES ('33', 'Deshawn', 'Kuhn', 'yhowell@example.net', '0');
INSERT INTO `users` (`id`, `firstname`, `lastname`, `email`, `phone`) VALUES ('34', 'Jabari', 'Stehr', 'feichmann@example.net', '1');
INSERT INTO `users` (`id`, `firstname`, `lastname`, `email`, `phone`) VALUES ('35', 'Laurie', 'Hauck', 'matteo.kiehn@example.org', '16');
INSERT INTO `users` (`id`, `firstname`, `lastname`, `email`, `phone`) VALUES ('36', 'Shad', 'Marks', 'walter80@example.com', '993');
INSERT INTO `users` (`id`, `firstname`, `lastname`, `email`, `phone`) VALUES ('37', 'Keon', 'Muller', 'vwisozk@example.org', '351274');
INSERT INTO `users` (`id`, `firstname`, `lastname`, `email`, `phone`) VALUES ('38', 'Jennie', 'Daugherty', 'ronny45@example.net', '1');
INSERT INTO `users` (`id`, `firstname`, `lastname`, `email`, `phone`) VALUES ('39', 'Adelle', 'Gleichner', 'auer.derrick@example.org', '1');
INSERT INTO `users` (`id`, `firstname`, `lastname`, `email`, `phone`) VALUES ('40', 'Amaya', 'Streich', 'jwisoky@example.org', '444144');
INSERT INTO `users` (`id`, `firstname`, `lastname`, `email`, `phone`) VALUES ('41', 'Edd', 'Streich', 'jake.hauck@example.org', '5375393988');
INSERT INTO `users` (`id`, `firstname`, `lastname`, `email`, `phone`) VALUES ('42', 'Karolann', 'Hamill', 'joany39@example.com', '23');
INSERT INTO `users` (`id`, `firstname`, `lastname`, `email`, `phone`) VALUES ('43', 'Murphy', 'Roberts', 'conroy.mason@example.org', '2990901095');
INSERT INTO `users` (`id`, `firstname`, `lastname`, `email`, `phone`) VALUES ('44', 'Novella', 'Larson', 'hosea.spinka@example.com', '888882');
INSERT INTO `users` (`id`, `firstname`, `lastname`, `email`, `phone`) VALUES ('45', 'Dianna', 'Harber', 'viva87@example.com', '283724');
INSERT INTO `users` (`id`, `firstname`, `lastname`, `email`, `phone`) VALUES ('46', 'Ervin', 'Howe', 'kirlin.frances@example.com', '1');
INSERT INTO `users` (`id`, `firstname`, `lastname`, `email`, `phone`) VALUES ('47', 'Hilma', 'Brekke', 'krajcik.derek@example.net', '46617');
INSERT INTO `users` (`id`, `firstname`, `lastname`, `email`, `phone`) VALUES ('48', 'Brandi', 'Frami', 'rolfson.florine@example.org', '1');
INSERT INTO `users` (`id`, `firstname`, `lastname`, `email`, `phone`) VALUES ('49', 'Meredith', 'Keebler', 'taurean.jacobson@example.com', '1');
INSERT INTO `users` (`id`, `firstname`, `lastname`, `email`, `phone`) VALUES ('50', 'Ralph', 'Hessel', 'hills.heather@example.net', '1');
INSERT INTO `users` (`id`, `firstname`, `lastname`, `email`, `phone`) VALUES ('51', 'Adaline', 'Schmeler', 'kylie.donnelly@example.net', '1');
INSERT INTO `users` (`id`, `firstname`, `lastname`, `email`, `phone`) VALUES ('52', 'Michaela', 'Streich', 'harold63@example.org', '0');
INSERT INTO `users` (`id`, `firstname`, `lastname`, `email`, `phone`) VALUES ('53', 'Golden', 'Quigley', 'fschmeler@example.org', '1');
INSERT INTO `users` (`id`, `firstname`, `lastname`, `email`, `phone`) VALUES ('54', 'Lenna', 'Steuber', 'meghan.gutmann@example.net', '624422');
INSERT INTO `users` (`id`, `firstname`, `lastname`, `email`, `phone`) VALUES ('55', 'Gracie', 'Prohaska', 'kale59@example.org', '0');
INSERT INTO `users` (`id`, `firstname`, `lastname`, `email`, `phone`) VALUES ('56', 'May', 'Kohler', 'ryley21@example.net', '1');
INSERT INTO `users` (`id`, `firstname`, `lastname`, `email`, `phone`) VALUES ('57', 'Kamryn', 'Lowe', 'zulauf.estrella@example.net', '35');
INSERT INTO `users` (`id`, `firstname`, `lastname`, `email`, `phone`) VALUES ('58', 'Katelynn', 'Heathcote', 'judy23@example.net', '0');
INSERT INTO `users` (`id`, `firstname`, `lastname`, `email`, `phone`) VALUES ('59', 'Eusebio', 'Schaden', 'hagenes.madilyn@example.org', '652328');
INSERT INTO `users` (`id`, `firstname`, `lastname`, `email`, `phone`) VALUES ('60', 'Kathryne', 'Schowalter', 'meda.koelpin@example.net', '534912');
INSERT INTO `users` (`id`, `firstname`, `lastname`, `email`, `phone`) VALUES ('61', 'Jeffery', 'Emard', 'fay.cole@example.org', '812');
INSERT INTO `users` (`id`, `firstname`, `lastname`, `email`, `phone`) VALUES ('62', 'Jailyn', 'Yost', 'parker.rachelle@example.net', '1');
INSERT INTO `users` (`id`, `firstname`, `lastname`, `email`, `phone`) VALUES ('63', 'Zena', 'Dach', 'fern.schultz@example.net', '518');
INSERT INTO `users` (`id`, `firstname`, `lastname`, `email`, `phone`) VALUES ('64', 'Elva', 'Schimmel', 'florida.hirthe@example.org', '9218726689');
INSERT INTO `users` (`id`, `firstname`, `lastname`, `email`, `phone`) VALUES ('65', 'Jeramie', 'Lynch', 'nikko.kunde@example.org', '698466');
INSERT INTO `users` (`id`, `firstname`, `lastname`, `email`, `phone`) VALUES ('66', 'Hester', 'Zemlak', 'wcremin@example.org', '1');
INSERT INTO `users` (`id`, `firstname`, `lastname`, `email`, `phone`) VALUES ('67', 'Abigale', 'Spencer', 'jreynolds@example.net', '739');
INSERT INTO `users` (`id`, `firstname`, `lastname`, `email`, `phone`) VALUES ('68', 'Opal', 'Sauer', 'bartell.randy@example.org', '35');
INSERT INTO `users` (`id`, `firstname`, `lastname`, `email`, `phone`) VALUES ('69', 'Cristian', 'Bailey', 'kshlerin.cayla@example.com', '275324');
INSERT INTO `users` (`id`, `firstname`, `lastname`, `email`, `phone`) VALUES ('70', 'Beatrice', 'Gleason', 'zo\'conner@example.com', '825');
INSERT INTO `users` (`id`, `firstname`, `lastname`, `email`, `phone`) VALUES ('71', 'Amos', 'Harris', 'lmuller@example.com', '22');
INSERT INTO `users` (`id`, `firstname`, `lastname`, `email`, `phone`) VALUES ('72', 'Pearl', 'Russel', 'veum.brook@example.com', '246');
INSERT INTO `users` (`id`, `firstname`, `lastname`, `email`, `phone`) VALUES ('73', 'Roel', 'Swaniawski', 'koepp.theron@example.org', '0');
INSERT INTO `users` (`id`, `firstname`, `lastname`, `email`, `phone`) VALUES ('74', 'Kelsie', 'Rolfson', 'frederick81@example.net', '1');
INSERT INTO `users` (`id`, `firstname`, `lastname`, `email`, `phone`) VALUES ('75', 'Madalyn', 'O\'Keefe', 'kirlin.brody@example.org', '55');
INSERT INTO `users` (`id`, `firstname`, `lastname`, `email`, `phone`) VALUES ('76', 'Hilma', 'Gleason', 'bcrist@example.org', '823');
INSERT INTO `users` (`id`, `firstname`, `lastname`, `email`, `phone`) VALUES ('77', 'Brendan', 'Wiegand', 'mozelle.koch@example.com', '0');
INSERT INTO `users` (`id`, `firstname`, `lastname`, `email`, `phone`) VALUES ('78', 'Angie', 'Kris', 'jana.bayer@example.com', '973191');
INSERT INTO `users` (`id`, `firstname`, `lastname`, `email`, `phone`) VALUES ('79', 'Gabrielle', 'Walker', 'amos.schamberger@example.net', '1606882921');
INSERT INTO `users` (`id`, `firstname`, `lastname`, `email`, `phone`) VALUES ('80', 'Lilly', 'Mertz', 'wellington09@example.net', '873');
INSERT INTO `users` (`id`, `firstname`, `lastname`, `email`, `phone`) VALUES ('81', 'Beverly', 'Sawayn', 'gwisoky@example.org', '581573');
INSERT INTO `users` (`id`, `firstname`, `lastname`, `email`, `phone`) VALUES ('82', 'Aron', 'Lindgren', 'cade69@example.net', '86727');
INSERT INTO `users` (`id`, `firstname`, `lastname`, `email`, `phone`) VALUES ('83', 'Emma', 'Mertz', 'schowalter.howell@example.com', '0');
INSERT INTO `users` (`id`, `firstname`, `lastname`, `email`, `phone`) VALUES ('84', 'Richmond', 'Kertzmann', 'kane81@example.com', '600080');
INSERT INTO `users` (`id`, `firstname`, `lastname`, `email`, `phone`) VALUES ('85', 'Bradford', 'Weimann', 'moen.ashly@example.org', '0');
INSERT INTO `users` (`id`, `firstname`, `lastname`, `email`, `phone`) VALUES ('86', 'Janice', 'Pacocha', 'uhills@example.com', '447');
INSERT INTO `users` (`id`, `firstname`, `lastname`, `email`, `phone`) VALUES ('87', 'Anne', 'Braun', 'hand.cordell@example.com', '978');
INSERT INTO `users` (`id`, `firstname`, `lastname`, `email`, `phone`) VALUES ('88', 'Ally', 'Marks', 'emory.stamm@example.com', '0');
INSERT INTO `users` (`id`, `firstname`, `lastname`, `email`, `phone`) VALUES ('89', 'Dominique', 'Pfannerstill', 'alfreda.hand@example.com', '0');
INSERT INTO `users` (`id`, `firstname`, `lastname`, `email`, `phone`) VALUES ('90', 'Theo', 'Gottlieb', 'ariel.fahey@example.org', '30234');
INSERT INTO `users` (`id`, `firstname`, `lastname`, `email`, `phone`) VALUES ('91', 'Carrie', 'Stehr', 'wsporer@example.net', '491');
INSERT INTO `users` (`id`, `firstname`, `lastname`, `email`, `phone`) VALUES ('92', 'Nona', 'Skiles', 'rhea.deckow@example.com', '497');
INSERT INTO `users` (`id`, `firstname`, `lastname`, `email`, `phone`) VALUES ('93', 'Minnie', 'Bergstrom', 'nbechtelar@example.net', '0');
INSERT INTO `users` (`id`, `firstname`, `lastname`, `email`, `phone`) VALUES ('94', 'Shaylee', 'Stiedemann', 'anya.padberg@example.net', '305');
INSERT INTO `users` (`id`, `firstname`, `lastname`, `email`, `phone`) VALUES ('95', 'Caroline', 'Goodwin', 'thiel.bernard@example.org', '0');
INSERT INTO `users` (`id`, `firstname`, `lastname`, `email`, `phone`) VALUES ('96', 'Ashton', 'Durgan', 'plueilwitz@example.com', '593950');
INSERT INTO `users` (`id`, `firstname`, `lastname`, `email`, `phone`) VALUES ('97', 'Nelson', 'King', 'tdaniel@example.org', '603');
INSERT INTO `users` (`id`, `firstname`, `lastname`, `email`, `phone`) VALUES ('98', 'Trevor', 'Dietrich', 'vwelch@example.com', '1');
INSERT INTO `users` (`id`, `firstname`, `lastname`, `email`, `phone`) VALUES ('99', 'Kristina', 'Christiansen', 'mellie70@example.net', '384294');
INSERT INTO `users` (`id`, `firstname`, `lastname`, `email`, `phone`) VALUES ('100', 'Ila', 'Lynch', 'lubowitz.aniyah@example.net', '64');


#
# TABLE STRUCTURE FOR: users_communities
#

DROP TABLE IF EXISTS `users_communities`;

CREATE TABLE `users_communities` (
  `user_id` bigint(20) unsigned NOT NULL,
  `community_id` bigint(20) unsigned NOT NULL,
  PRIMARY KEY (`user_id`,`community_id`),
  KEY `community_id` (`community_id`),
  CONSTRAINT `users_communities_ibfk_1` FOREIGN KEY (`user_id`) REFERENCES `users` (`id`),
  CONSTRAINT `users_communities_ibfk_2` FOREIGN KEY (`community_id`) REFERENCES `communities` (`id`)
) ENGINE=InnoDB DEFAULT CHARSET=utf8 COLLATE=utf8_unicode_ci;

INSERT INTO `users_communities` (`user_id`, `community_id`) VALUES ('1', '1');
INSERT INTO `users_communities` (`user_id`, `community_id`) VALUES ('2', '2');
INSERT INTO `users_communities` (`user_id`, `community_id`) VALUES ('3', '3');
INSERT INTO `users_communities` (`user_id`, `community_id`) VALUES ('4', '4');
INSERT INTO `users_communities` (`user_id`, `community_id`) VALUES ('5', '5');
INSERT INTO `users_communities` (`user_id`, `community_id`) VALUES ('6', '6');
INSERT INTO `users_communities` (`user_id`, `community_id`) VALUES ('7', '7');
INSERT INTO `users_communities` (`user_id`, `community_id`) VALUES ('8', '8');
INSERT INTO `users_communities` (`user_id`, `community_id`) VALUES ('9', '9');
INSERT INTO `users_communities` (`user_id`, `community_id`) VALUES ('10', '10');
INSERT INTO `users_communities` (`user_id`, `community_id`) VALUES ('11', '11');
INSERT INTO `users_communities` (`user_id`, `community_id`) VALUES ('12', '12');
INSERT INTO `users_communities` (`user_id`, `community_id`) VALUES ('13', '13');
INSERT INTO `users_communities` (`user_id`, `community_id`) VALUES ('14', '14');
INSERT INTO `users_communities` (`user_id`, `community_id`) VALUES ('15', '15');
INSERT INTO `users_communities` (`user_id`, `community_id`) VALUES ('16', '16');
INSERT INTO `users_communities` (`user_id`, `community_id`) VALUES ('17', '17');
INSERT INTO `users_communities` (`user_id`, `community_id`) VALUES ('18', '18');
INSERT INTO `users_communities` (`user_id`, `community_id`) VALUES ('19', '19');
INSERT INTO `users_communities` (`user_id`, `community_id`) VALUES ('20', '20');
INSERT INTO `users_communities` (`user_id`, `community_id`) VALUES ('21', '21');
INSERT INTO `users_communities` (`user_id`, `community_id`) VALUES ('22', '22');
INSERT INTO `users_communities` (`user_id`, `community_id`) VALUES ('23', '23');
INSERT INTO `users_communities` (`user_id`, `community_id`) VALUES ('24', '24');
INSERT INTO `users_communities` (`user_id`, `community_id`) VALUES ('25', '25');
INSERT INTO `users_communities` (`user_id`, `community_id`) VALUES ('26', '26');
INSERT INTO `users_communities` (`user_id`, `community_id`) VALUES ('27', '27');
INSERT INTO `users_communities` (`user_id`, `community_id`) VALUES ('28', '28');
INSERT INTO `users_communities` (`user_id`, `community_id`) VALUES ('29', '29');
INSERT INTO `users_communities` (`user_id`, `community_id`) VALUES ('30', '30');
INSERT INTO `users_communities` (`user_id`, `community_id`) VALUES ('31', '31');
INSERT INTO `users_communities` (`user_id`, `community_id`) VALUES ('32', '32');
INSERT INTO `users_communities` (`user_id`, `community_id`) VALUES ('33', '33');
INSERT INTO `users_communities` (`user_id`, `community_id`) VALUES ('34', '34');
INSERT INTO `users_communities` (`user_id`, `community_id`) VALUES ('35', '35');
INSERT INTO `users_communities` (`user_id`, `community_id`) VALUES ('36', '36');
INSERT INTO `users_communities` (`user_id`, `community_id`) VALUES ('37', '37');
INSERT INTO `users_communities` (`user_id`, `community_id`) VALUES ('38', '38');
INSERT INTO `users_communities` (`user_id`, `community_id`) VALUES ('39', '39');
INSERT INTO `users_communities` (`user_id`, `community_id`) VALUES ('40', '40');
INSERT INTO `users_communities` (`user_id`, `community_id`) VALUES ('41', '41');
INSERT INTO `users_communities` (`user_id`, `community_id`) VALUES ('42', '42');
INSERT INTO `users_communities` (`user_id`, `community_id`) VALUES ('43', '43');
INSERT INTO `users_communities` (`user_id`, `community_id`) VALUES ('44', '44');
INSERT INTO `users_communities` (`user_id`, `community_id`) VALUES ('45', '45');
INSERT INTO `users_communities` (`user_id`, `community_id`) VALUES ('46', '46');
INSERT INTO `users_communities` (`user_id`, `community_id`) VALUES ('47', '47');
INSERT INTO `users_communities` (`user_id`, `community_id`) VALUES ('48', '48');
INSERT INTO `users_communities` (`user_id`, `community_id`) VALUES ('49', '49');
INSERT INTO `users_communities` (`user_id`, `community_id`) VALUES ('50', '50');
INSERT INTO `users_communities` (`user_id`, `community_id`) VALUES ('51', '51');
INSERT INTO `users_communities` (`user_id`, `community_id`) VALUES ('52', '52');
INSERT INTO `users_communities` (`user_id`, `community_id`) VALUES ('53', '53');
INSERT INTO `users_communities` (`user_id`, `community_id`) VALUES ('54', '54');
INSERT INTO `users_communities` (`user_id`, `community_id`) VALUES ('55', '55');
INSERT INTO `users_communities` (`user_id`, `community_id`) VALUES ('56', '56');
INSERT INTO `users_communities` (`user_id`, `community_id`) VALUES ('57', '57');
INSERT INTO `users_communities` (`user_id`, `community_id`) VALUES ('58', '58');
INSERT INTO `users_communities` (`user_id`, `community_id`) VALUES ('59', '59');
INSERT INTO `users_communities` (`user_id`, `community_id`) VALUES ('60', '60');
INSERT INTO `users_communities` (`user_id`, `community_id`) VALUES ('61', '61');
INSERT INTO `users_communities` (`user_id`, `community_id`) VALUES ('62', '62');
INSERT INTO `users_communities` (`user_id`, `community_id`) VALUES ('63', '63');
INSERT INTO `users_communities` (`user_id`, `community_id`) VALUES ('64', '64');
INSERT INTO `users_communities` (`user_id`, `community_id`) VALUES ('65', '65');
INSERT INTO `users_communities` (`user_id`, `community_id`) VALUES ('66', '66');
INSERT INTO `users_communities` (`user_id`, `community_id`) VALUES ('67', '67');
INSERT INTO `users_communities` (`user_id`, `community_id`) VALUES ('68', '68');
INSERT INTO `users_communities` (`user_id`, `community_id`) VALUES ('69', '69');
INSERT INTO `users_communities` (`user_id`, `community_id`) VALUES ('70', '70');
INSERT INTO `users_communities` (`user_id`, `community_id`) VALUES ('71', '71');
INSERT INTO `users_communities` (`user_id`, `community_id`) VALUES ('72', '72');
INSERT INTO `users_communities` (`user_id`, `community_id`) VALUES ('73', '73');
INSERT INTO `users_communities` (`user_id`, `community_id`) VALUES ('74', '74');
INSERT INTO `users_communities` (`user_id`, `community_id`) VALUES ('75', '75');
INSERT INTO `users_communities` (`user_id`, `community_id`) VALUES ('76', '76');
INSERT INTO `users_communities` (`user_id`, `community_id`) VALUES ('77', '77');
INSERT INTO `users_communities` (`user_id`, `community_id`) VALUES ('78', '78');
INSERT INTO `users_communities` (`user_id`, `community_id`) VALUES ('79', '79');
INSERT INTO `users_communities` (`user_id`, `community_id`) VALUES ('80', '80');
INSERT INTO `users_communities` (`user_id`, `community_id`) VALUES ('81', '81');
INSERT INTO `users_communities` (`user_id`, `community_id`) VALUES ('82', '82');
INSERT INTO `users_communities` (`user_id`, `community_id`) VALUES ('83', '83');
INSERT INTO `users_communities` (`user_id`, `community_id`) VALUES ('84', '84');
INSERT INTO `users_communities` (`user_id`, `community_id`) VALUES ('85', '85');
INSERT INTO `users_communities` (`user_id`, `community_id`) VALUES ('86', '86');
INSERT INTO `users_communities` (`user_id`, `community_id`) VALUES ('87', '87');
INSERT INTO `users_communities` (`user_id`, `community_id`) VALUES ('88', '88');
INSERT INTO `users_communities` (`user_id`, `community_id`) VALUES ('89', '89');
INSERT INTO `users_communities` (`user_id`, `community_id`) VALUES ('90', '90');
INSERT INTO `users_communities` (`user_id`, `community_id`) VALUES ('91', '91');
INSERT INTO `users_communities` (`user_id`, `community_id`) VALUES ('92', '92');
INSERT INTO `users_communities` (`user_id`, `community_id`) VALUES ('93', '93');
INSERT INTO `users_communities` (`user_id`, `community_id`) VALUES ('94', '94');
INSERT INTO `users_communities` (`user_id`, `community_id`) VALUES ('95', '95');
INSERT INTO `users_communities` (`user_id`, `community_id`) VALUES ('96', '96');
INSERT INTO `users_communities` (`user_id`, `community_id`) VALUES ('97', '97');
INSERT INTO `users_communities` (`user_id`, `community_id`) VALUES ('98', '98');
INSERT INTO `users_communities` (`user_id`, `community_id`) VALUES ('99', '99');
INSERT INTO `users_communities` (`user_id`, `community_id`) VALUES ('100', '100');


